{"ticker": "002027", "market": "CN", "current": 6.42, "target": 9.04444, "upside": 0.4087912772585669, "rec_mean": 1.25, "n_analysts": 9, "momentum_3m": -0.17789759542976646, "above_ma200": false, "score": 0.30166666666666664}