{"ticker": "002304", "market": "CN", "current": 49.79, "target": 68.17133, "upside": 0.36917714400482016, "rec_mean": 2.42105, "n_analysts": 15, "momentum_3m": -0.12218477503500813, "above_ma200": false, "score": 0.30263166666666663}