{"ticker": "002352", "market": "CN", "current": 36.85, "target": 48.75765, "upside": 0.32313839891451823, "rec_mean": 1.63636, "n_analysts": 17, "momentum_3m": -0.04464514947706655, "above_ma200": false, "score": 0.32878799999999997}