{"ticker": "000858", "market": "CN", "current": 98.34, "target": 134.26633, "upside": 0.36532774049217, "rec_mean": 1.82609, "n_analysts": 19, "momentum_3m": -0.02091068464164192, "above_ma200": false, "score": 0.3224636666666667}