{"ticker": "002714", "market": "CN", "current": 44.62, "target": 56.87778, "upside": 0.27471492604213377, "rec_mean": 1.28571, "n_analysts": 9, "momentum_3m": -0.06901739841574006, "above_ma200": false, "score": 0.2878337963544002}