{"ticker": "002142", "market": "CN", "current": 33.4, "target": 37.69308, "upside": 0.1285353293413174, "rec_mean": 1.5, "n_analysts": 13, "momentum_3m": 0.09772198728971615, "above_ma200": true, "score": 0.6205425830995198}