{"ticker": "002001", "market": "CN", "current": 34.96, "target": 36.83667, "upside": 0.05368049199084668, "rec_mean": 2.2, "n_analysts": 6, "momentum_3m": 0.26392854963030143, "above_ma200": true, "score": 0.7768402459954233}