{"ticker": "000001", "market": "CN", "current": 11.5, "target": 13.46688, "upside": 0.17103304347826076, "rec_mean": 1.95455, "n_analysts": 16, "momentum_3m": 0.045620437797419644, "above_ma200": false, "score": 0.33353395455128143}