{"ticker": "002230", "market": "CN", "current": 48.07, "target": 60.43, "upside": 0.25712502600374454, "rec_mean": 1.76923, "n_analysts": 10, "momentum_3m": -0.15471893215229204, "above_ma200": false, "score": 0.26958817966853893}