{"ticker": "000776", "market": "CN", "current": 21.27, "target": 26.25556, "upside": 0.2343939821344616, "rec_mean": 1.54545, "n_analysts": 9, "momentum_3m": -0.0708938250950315, "above_ma200": true, "score": 0.27519028114735483}