{"ticker": "002475", "market": "CN", "current": 68.66, "target": 69.53421, "upside": 0.012732449752403285, "rec_mean": 1.3913, "n_analysts": 19, "momentum_3m": 0.29192081819719906, "above_ma200": true, "score": 0.8433228915428682}