{"ticker": "002594", "market": "CN", "current": 105.41, "target": 119.59318, "upside": 0.13455250924959694, "rec_mean": 1.5, "n_analysts": 22, "momentum_3m": 0.0955414699981445, "above_ma200": true, "score": 0.4181137393555182}