{"ticker": "000895", "market": "CN", "current": 27.6, "target": 27.87143, "upside": 0.00983442028985504, "rec_mean": 1.91667, "n_analysts": 7, "momentum_3m": 0.13185536436072587, "above_ma200": true, "score": 0.5158589289983551}