{"ticker": "000651", "market": "CN", "current": 40.59, "target": 46.57222, "upside": 0.14738162108893804, "rec_mean": 1.95652, "n_analysts": 18, "momentum_3m": -0.0161249314828813, "above_ma200": false, "score": 0.24180681054446904}