{"ticker": "002415", "market": "CN", "current": 34.8, "target": 38.38375, "upside": 0.10298132183908049, "rec_mean": 1.76923, "n_analysts": 8, "momentum_3m": 0.07242339997305747, "above_ma200": true, "score": 0.4931747603740125}