{"ticker": "300750", "market": "CN", "current": 445.15, "target": 537.1452, "upside": 0.20666112546332704, "rec_mean": 1.34483, "n_analysts": 23, "momentum_3m": 0.25031436541546825, "above_ma200": true, "score": 0.9418362293983301}