{"ticker": "300033", "market": "CN", "current": 233.25, "target": 247.0102, "upside": 0.05899335476956047, "rec_mean": 1.55556, "n_analysts": 5, "momentum_3m": -0.08830238236968091, "above_ma200": false, "score": 0.1443113440514469}