{"ticker": "300760", "market": "CN", "current": 168.36, "target": 244.13104, "upside": 0.45005369446424326, "rec_mean": 1.24, "n_analysts": 19, "momentum_3m": -0.17421837226970516, "above_ma200": false, "score": 0.34199999999999997}