{"ticker": "002007", "market": "CN", "current": 14.47, "target": 18.446, "upside": 0.27477539737387713, "rec_mean": 1.16667, "n_analysts": 5, "momentum_3m": -0.10191479418012461, "above_ma200": false, "score": 0.2207957328956462}