{"ticker": "000776", "market": "CN", "current": 21.28, "target": 26.25556, "upside": 0.23381390977443606, "rec_mean": 1.54545, "n_analysts": 9, "momentum_3m": -0.0708938250950315, "above_ma200": true, "score": 0.3450537672138043}