{"ticker": "300015", "market": "CN", "current": 10.95, "target": 13.63467, "upside": 0.24517534246575345, "rec_mean": 1.875, "n_analysts": 15, "momentum_3m": -0.0203360289458272, "above_ma200": false, "score": 0.3733917808219178}