{"ticker": "300059", "market": "CN", "current": 20.26, "target": 28.91833, "upside": 0.42736080947680155, "rec_mean": 1.75, "n_analysts": 12, "momentum_3m": -0.13513512186616106, "above_ma200": false, "score": 0.37}