{"ticker": "000002", "market": "CN", "current": 3.87, "target": 4.88545, "upside": 0.2623901808785529, "rec_mean": 3.0, "n_analysts": 11, "momentum_3m": -0.22199172895310604, "above_ma200": false, "score": 0.26413006029285097}