{"ticker": "300760", "market": "CN", "current": 168.4, "target": 244.13104, "upside": 0.4497092636579574, "rec_mean": 1.24, "n_analysts": 19, "momentum_3m": -0.17421837226970516, "above_ma200": false, "score": 0.43399999999999994}