{"ticker": "300012", "market": "CN", "current": 16.76, "target": 18.7, "upside": 0.11575178997613356, "rec_mean": 1.35714, "n_analysts": 11, "momentum_3m": 0.03920355196510328, "above_ma200": true, "score": 0.5815243520778106}