{"ticker": "002142", "market": "CN", "current": 33.55, "target": 37.69308, "upside": 0.12348971684053667, "rec_mean": 1.5, "n_analysts": 13, "momentum_3m": 0.1288238952532368, "above_ma200": true, "score": 0.600301684682193}