{"ticker": "300750", "market": "CN", "current": 445.0, "target": 537.1452, "upside": 0.20706786516853937, "rec_mean": 1.34483, "n_analysts": 23, "momentum_3m": 0.24646559195207707, "above_ma200": true, "score": 0.7207316655607898}