{"ticker": "000596", "market": "CN", "current": 108.11, "target": 168.38889, "upside": 0.557569975025437, "rec_mean": 2.0, "n_analysts": 9, "momentum_3m": -0.11476075568253741, "above_ma200": false, "score": 0.20999999999999996}