{"ticker": "002032", "market": "CN", "current": 46.93, "target": 53.424, "upside": 0.13837630513530796, "rec_mean": 1.6, "n_analysts": 10, "momentum_3m": 0.08652970277498317, "above_ma200": false, "score": 0.38278878973918434}