{"ticker": "000725", "market": "CN", "current": 4.17, "target": 4.918, "upside": 0.17937649880095918, "rec_mean": 1.88889, "n_analysts": 5, "momentum_3m": -0.05466965339802965, "above_ma200": true, "score": 0.19192566902676028}