{"ticker": "300015", "market": "CN", "current": 10.95, "target": 13.63467, "upside": 0.24517534246575345, "rec_mean": 1.875, "n_analysts": 15, "momentum_3m": -0.011596798750984405, "above_ma200": true, "score": 0.42697791651874745}