{"ticker": "002241", "market": "CN", "current": 24.7, "target": 32.99, "upside": 0.33562753036437254, "rec_mean": 2.07692, "n_analysts": 10, "momentum_3m": -0.16558331263721915, "above_ma200": true, "score": 0.24386524078866}