{"ticker": "000895", "market": "CN", "current": 27.62, "target": 27.87143, "upside": 0.009103186097031202, "rec_mean": 1.91667, "n_analysts": 7, "momentum_3m": 0.12952166276294474, "above_ma200": true, "score": 0.45445218835146484}