{"ticker": "002415", "market": "CN", "current": 34.81, "target": 38.38375, "upside": 0.10266446423441522, "rec_mean": 1.76923, "n_analysts": 8, "momentum_3m": 0.07651629759620682, "above_ma200": true, "score": 0.46780626017466}