{"ticker": "002648", "market": "CN", "current": 29.6, "target": 34.776, "upside": 0.17486486486486497, "rec_mean": 1.14286, "n_analysts": 5, "momentum_3m": 0.31429855409421736, "above_ma200": true, "score": 0.9053344774774774}