{"ticker": "002001", "market": "CN", "current": 34.96, "target": 36.83667, "upside": 0.05368049199084668, "rec_mean": 2.2, "n_analysts": 6, "momentum_3m": 0.2861817793412642, "above_ma200": false, "score": 0.5389467486651411}