{"ticker": "000538", "market": "CN", "current": 54.63, "target": 69.645, "upside": 0.27484898407468417, "rec_mean": 1.33333, "n_analysts": 10, "momentum_3m": -0.023678085449764796, "above_ma200": false, "score": 0.3693943280248947}