{"ticker": "000333", "market": "CN", "current": 81.31, "target": 94.14737, "upside": 0.1578818103554298, "rec_mean": 1.38462, "n_analysts": 19, "momentum_3m": 0.05370004657578087, "above_ma200": true, "score": 0.5286407883581964}