{"ticker": "002603", "market": "CN", "current": 17.1, "target": 21.035, "upside": 0.2301169590643275, "rec_mean": 3.0, "n_analysts": 2, "momentum_3m": -0.10778134043484744, "above_ma200": false, "score": 0.10168615984405457}