{"ticker": "000001", "market": "CN", "current": 11.52, "target": 13.46688, "upside": 0.16900000000000004, "rec_mean": 1.95455, "n_analysts": 16, "momentum_3m": 0.03342365815349346, "above_ma200": true, "score": 0.3526838646876148}