{"ticker": "300033", "market": "CN", "current": 233.45, "target": 247.0102, "upside": 0.05808609980723922, "rec_mean": 1.55556, "n_analysts": 5, "momentum_3m": -0.11232083328590714, "above_ma200": true, "score": 0.19138620719219138}