{"ticker": "002230", "market": "CN", "current": 48.06, "target": 60.43, "upside": 0.2573866000832292, "rec_mean": 1.76923, "n_analysts": 10, "momentum_3m": -0.15471893215229204, "above_ma200": false, "score": 0.3345135333610764}