{"ticker": "002558", "market": "CN", "current": 32.92, "target": 51.228, "upside": 0.5561360874848116, "rec_mean": 3.0, "n_analysts": 5, "momentum_3m": -0.2919924566842875, "above_ma200": false, "score": 0.13333333333333333}