{"ticker": "002493", "market": "CN", "current": 14.04, "target": 11.634, "upside": -0.1713675213675213, "rec_mean": 3.0, "n_analysts": 5, "momentum_3m": -0.0065549309478647455, "above_ma200": true, "score": 0.3833333333333333}