{"ticker": "002475", "market": "CN", "current": 68.64, "target": 69.53421, "upside": 0.01302753496503506, "rec_mean": 1.3913, "n_analysts": 19, "momentum_3m": 0.23703301782791852, "above_ma200": true, "score": 0.9326062558275058}