{"ticker": "002241", "market": "CN", "current": 24.7, "target": 32.99, "upside": 0.33562753036437254, "rec_mean": 2.07692, "n_analysts": 10, "momentum_3m": -0.13571934857892032, "above_ma200": false, "score": 0.32820533333333335}