{"ticker": "002230", "market": "CN", "current": 48.06, "target": 60.43, "upside": 0.2573866000832292, "rec_mean": 1.76923, "n_analysts": 10, "momentum_3m": -0.16505351199598906, "above_ma200": true, "score": 0.23959375598960395}