{"ticker": "002311", "market": "CN", "current": 50.82, "target": 69.73333, "upside": 0.3721631247540338, "rec_mean": 1.11111, "n_analysts": 6, "momentum_3m": -0.015612591396304443, "above_ma200": false, "score": 0.2344445}