{"ticker": "000333", "market": "CN", "current": 81.31, "target": 94.14737, "upside": 0.1578818103554298, "rec_mean": 1.38462, "n_analysts": 19, "momentum_3m": 0.03926127991147821, "above_ma200": true, "score": 0.4067131289073707}