{"ticker": "002304", "market": "CN", "current": 49.78, "target": 68.17133, "upside": 0.3694521896343912, "rec_mean": 2.42105, "n_analysts": 15, "momentum_3m": -0.22754958570349382, "above_ma200": false, "score": 0.22894749999999997}