{"ticker": "000651", "market": "CN", "current": 40.47, "target": 46.57222, "upside": 0.1507837904620708, "rec_mean": 1.95652, "n_analysts": 18, "momentum_3m": -0.05924108345997625, "above_ma200": true, "score": 0.25644100065415043}