{"ticker": "002048", "market": "CN", "current": 25.98, "target": 31.05, "upside": 0.1951501154734412, "rec_mean": 3.0, "n_analysts": 2, "momentum_3m": -0.20138675811206863, "above_ma200": false, "score": 0.09585835257890686}