{"ticker": "0857.HK", "market": "HK", "current": 11.94, "target": 11.4551, "upside": -0.04061139028475713, "rec_mean": 3.0, "n_analysts": 17, "momentum_3m": 0.32463104658985653, "above_ma200": true, "score": 0.7833333333333332}