{"ticker": "0016.HK", "market": "HK", "current": 139.4, "target": 147.855, "upside": 0.060652797704447536, "rec_mean": 3.0, "n_analysts": 14, "momentum_3m": 0.13787373973208017, "above_ma200": true, "score": 0.6982721100500308}