{"ticker": "0066.HK", "market": "HK", "current": 33.98, "target": 32.2375, "upside": -0.05128016480282516, "rec_mean": 3.33333, "n_analysts": 12, "momentum_3m": 0.00412977531996761, "above_ma200": true, "score": 0.2880884240586961}