{"ticker": "0992.HK", "market": "HK", "current": 11.83, "target": 12.190243, "upside": 0.030451648351648375, "rec_mean": 1.80952, "n_analysts": 19, "momentum_3m": 0.3322071814467391, "above_ma200": true, "score": 0.7672515640998968}