{"ticker": "0823.HK", "market": "HK", "current": 39.28, "target": 42.15643, "upside": 0.07322886965376774, "rec_mean": 1.92857, "n_analysts": 14, "momentum_3m": 0.09192821612227053, "above_ma200": true, "score": 0.36071535599657556}