{"ticker": "0083.HK", "market": "HK", "current": 12.6, "target": 13.79, "upside": 0.09444444444444433, "rec_mean": 1.5, "n_analysts": 10, "momentum_3m": 0.08861854768081501, "above_ma200": true, "score": 0.6297356683453241}