{"ticker": "0968.HK", "market": "HK", "current": 2.96, "target": 3.8115, "upside": 0.287668918918919, "rec_mean": 2.29412, "n_analysts": 16, "momentum_3m": -0.1545189390887809, "above_ma200": false, "score": 0.3006971261261262}