{"ticker": "0101.HK", "market": "HK", "current": 9.17, "target": 10.93846, "upside": 0.1928527808069791, "rec_mean": 1.66667, "n_analysts": 13, "momentum_3m": -0.014270046030751882, "above_ma200": true, "score": 0.2940089683907044}