{"ticker": "0003.HK", "market": "HK", "current": 7.3, "target": 7.37, "upside": 0.009589041095890538, "rec_mean": 3.0, "n_analysts": 10, "momentum_3m": 0.004126576325592435, "above_ma200": true, "score": 0.13902104359117684}