{"ticker": "0017.HK", "market": "HK", "current": 8.52, "target": 8.32636, "upside": -0.022727699530516454, "rec_mean": 3.0, "n_analysts": 11, "momentum_3m": -0.20306513129967452, "above_ma200": true, "score": 0.17789104907862527}