{"ticker": "0002.HK", "market": "HK", "current": 75.6, "target": 76.34889, "upside": 0.009905952380952376, "rec_mean": 2.33333, "n_analysts": 9, "momentum_3m": 0.014103466686342214, "above_ma200": true, "score": 0.27363758070550315}