{"ticker": "0688.HK", "market": "HK", "current": 13.21, "target": 15.407, "upside": 0.1663133989401968, "rec_mean": 1.6, "n_analysts": 13, "momentum_3m": -0.09720174537850701, "above_ma200": false, "score": 0.2498233661367651}