{"ticker": "0386.HK", "market": "HK", "current": 4.68, "target": 5.4735346, "upside": 0.1695586752136753, "rec_mean": 2.07692, "n_analysts": 13, "momentum_3m": -0.1273764348174512, "above_ma200": true, "score": 0.24265741835949212}