{"ticker": "0005.HK", "market": "HK", "current": 141.6, "target": 156.6474, "upside": 0.10626694915254253, "rec_mean": 1.63636, "n_analysts": 10, "momentum_3m": 0.04535320523059938, "above_ma200": true, "score": 0.5779562503964868}