{"ticker": "0941.HK", "market": "HK", "current": 85.4, "target": 96.08354, "upside": 0.1251, "rec_mean": 1.6875, "n_analysts": 15, "momentum_3m": 0.07834396848253378, "above_ma200": true, "score": 0.39044632561007553}