{"ticker": "0700.HK", "market": "HK", "current": 478.0, "target": 724.1823, "upside": 0.5150257322175733, "rec_mean": 1.34783, "n_analysts": 42, "momentum_3m": -0.21943988831471384, "above_ma200": false, "score": 0.33840566666666666}