{"ticker": "0288.HK", "market": "HK", "current": 9.98, "target": 10.677619, "upside": 0.06990170340681368, "rec_mean": 1.75, "n_analysts": 15, "momentum_3m": 0.15645506540337895, "above_ma200": true, "score": 0.7837472161593201}