{"ticker": "0883.HK", "market": "HK", "current": 29.42, "target": 31.829378, "upside": 0.08189592114208, "rec_mean": 1.66667, "n_analysts": 15, "momentum_3m": 0.2321428136992394, "above_ma200": true, "score": 0.8687256272377065}