{"ticker": "0241.HK", "market": "HK", "current": 4.47, "target": 6.5651426, "upside": 0.4687119910514541, "rec_mean": 2.05556, "n_analysts": 16, "momentum_3m": -0.3348348453701545, "above_ma200": false, "score": 0.3148146666666667}