{"ticker": "0001.HK", "market": "HK", "current": 65.6, "target": 70.325, "upside": 0.07202743902439046, "rec_mean": 3.0, "n_analysts": 8, "momentum_3m": -0.006891340836232995, "above_ma200": true, "score": 0.36677256984342743}