{"ticker": "0388.HK", "market": "HK", "current": 418.8, "target": 515.2353, "upside": 0.23026575931232096, "rec_mean": 1.42105, "n_analysts": 17, "momentum_3m": -0.052973950084331034, "above_ma200": false, "score": 0.3010978796561605}