{"ticker": "0762.HK", "market": "HK", "current": 7.45, "target": 9.348119, "upside": 0.2547810738255034, "rec_mean": 2.15385, "n_analysts": 13, "momentum_3m": -0.0544040946724379, "above_ma200": false, "score": 0.27559553691275174}