{"ticker": "0267.HK", "market": "HK", "current": 12.99, "target": 13.9, "upside": 0.07005388760585074, "rec_mean": 3.0, "n_analysts": 3, "momentum_3m": 0.04626628755015294, "above_ma200": true, "score": 0.2883408468003727}