{"ticker": "0175.HK", "market": "HK", "current": 22.28, "target": 28.033815, "upside": 0.258250224416517, "rec_mean": 1.3125, "n_analysts": 25, "momentum_3m": 0.31760434252379954, "above_ma200": true, "score": 0.9351652927028161}