{"ticker": "0669.HK", "market": "HK", "current": 111.0, "target": 136.79483, "upside": 0.2323858558558558, "rec_mean": 3.0, "n_analysts": 17, "momentum_3m": 0.04875715629558908, "above_ma200": true, "score": 0.47444052055773567}