{"ticker": "1209.HK", "market": "HK", "current": 47.56, "target": 52.599277, "upside": 0.10595620269133721, "rec_mean": 1.33333, "n_analysts": 15, "momentum_3m": 0.08648392896514445, "above_ma200": true, "score": 0.5014460965174946}