{"ticker": "1113.HK", "market": "HK", "current": 48.88, "target": 53.196, "upside": 0.08829787234042552, "rec_mean": 2.0, "n_analysts": 10, "momentum_3m": 0.06907169935955704, "above_ma200": true, "score": 0.576822883790528}