{"ticker": "1299.HK", "market": "HK", "current": 84.65, "target": 103.85109, "upside": 0.22682917897223853, "rec_mean": 1.28571, "n_analysts": 18, "momentum_3m": -0.03817230235807867, "above_ma200": true, "score": 0.38484471906706863}