{"ticker": "1044.HK", "market": "HK", "current": 27.08, "target": 29.160965, "upside": 0.07684508862629258, "rec_mean": 3.0, "n_analysts": 10, "momentum_3m": -0.010997109122363069, "above_ma200": true, "score": 0.1510030666115879}