{"ticker": "1810.HK", "market": "HK", "current": 30.02, "target": 43.917408, "upside": 0.4629383077948035, "rec_mean": 1.75758, "n_analysts": 30, "momentum_3m": -0.15860520470151762, "above_ma200": false, "score": 0.32474733333333333}