{"ticker": "1398.HK", "market": "HK", "current": 7.21, "target": 7.629822, "upside": 0.05822773925104019, "rec_mean": 1.5, "n_analysts": 16, "momentum_3m": 0.12893076691982763, "above_ma200": true, "score": 0.6602289411631521}