{"ticker": "1038.HK", "market": "HK", "current": 66.1, "target": 70.31714, "upside": 0.06379939485627828, "rec_mean": 3.0, "n_analysts": 14, "momentum_3m": 0.05102034766683361, "above_ma200": true, "score": 0.5003014878835176}