{"ticker": "1211.HK", "market": "HK", "current": 107.6, "target": 125.76165, "upside": 0.16878856877323423, "rec_mean": 1.5, "n_analysts": 28, "momentum_3m": 0.05493381209399506, "above_ma200": false, "score": 0.36386178888444176}