{"ticker": "1109.HK", "market": "HK", "current": 32.7, "target": 38.55112, "upside": 0.17893333333333317, "rec_mean": 3.0, "n_analysts": 16, "momentum_3m": 0.0863764407079104, "above_ma200": true, "score": 0.4245691385269945}