{"ticker": "1928.HK", "market": "HK", "current": 16.31, "target": 21.974298, "upside": 0.34728988350705103, "rec_mean": 1.33333, "n_analysts": 20, "momentum_3m": -0.1502397751584562, "above_ma200": false, "score": 0.338889}