{"ticker": "1177.HK", "market": "HK", "current": 5.46, "target": 8.825029, "upside": 0.6163056776556779, "rec_mean": 1.2381, "n_analysts": 19, "momentum_3m": -0.17841080114074892, "above_ma200": false, "score": 0.34206333333333333}