{"ticker": "2018.HK", "market": "HK", "current": 36.5, "target": 49.61821, "upside": 0.35940301369863015, "rec_mean": 1.36842, "n_analysts": 19, "momentum_3m": -0.04069769844919047, "above_ma200": false, "score": 0.33771933333333337}