{"ticker": "2382.HK", "market": "HK", "current": 63.35, "target": 79.963425, "upside": 0.26224822415153914, "rec_mean": 1.83333, "n_analysts": 23, "momentum_3m": -0.011084730736745763, "above_ma200": false, "score": 0.30334644540910294}