{"ticker": "2269.HK", "market": "HK", "current": 33.92, "target": 46.026897, "upside": 0.3569250294811319, "rec_mean": 1.52, "n_analysts": 21, "momentum_3m": -0.11594958795364207, "above_ma200": false, "score": 0.33266666666666667}