{"ticker": "2628.HK", "market": "HK", "current": 27.36, "target": 35.272305, "upside": 0.28919243421052654, "rec_mean": 1.76471, "n_analysts": 15, "momentum_3m": -0.23577710756439962, "above_ma200": false, "score": 0.31910588377192994}