{"ticker": "2318.HK", "market": "HK", "current": 63.45, "target": 82.5452, "upside": 0.3009487785657996, "rec_mean": 1.22222, "n_analysts": 16, "momentum_3m": -0.13845047537588173, "above_ma200": false, "score": 0.34259266666666666}