{"ticker": "2313.HK", "market": "HK", "current": 48.18, "target": 66.2249, "upside": 0.3745309256953093, "rec_mean": 1.40741, "n_analysts": 23, "momentum_3m": -0.22522232253577645, "above_ma200": false, "score": 0.3364196666666667}