{"ticker": "3988.HK", "market": "HK", "current": 5.17, "target": 5.735716, "upside": 0.10942282398452607, "rec_mean": 1.58824, "n_analysts": 17, "momentum_3m": 0.13525490592457978, "above_ma200": true, "score": 0.6537047439737126}