{"ticker": "3968.HK", "market": "HK", "current": 48.14, "target": 57.924374, "upside": 0.20324831740756122, "rec_mean": 1.78947, "n_analysts": 19, "momentum_3m": 0.06189059241326422, "above_ma200": true, "score": 0.3969561167414487}