{"ticker": "3690.HK", "market": "HK", "current": 82.85, "target": 111.23846, "upside": 0.3426488835244419, "rec_mean": 1.86842, "n_analysts": 35, "momentum_3m": -0.1683065715833153, "above_ma200": false, "score": 0.32105266666666665}