{"ticker": "9888.HK", "market": "HK", "current": 118.4, "target": 172.77826, "upside": 0.45927584459459436, "rec_mean": 1.43478, "n_analysts": 20, "momentum_3m": -0.20554120182826263, "above_ma200": true, "score": 0.4172939501313474}