{"ticker": "9999.HK", "market": "HK", "current": 174.3, "target": 254.06427, "upside": 0.45762633390705676, "rec_mean": 1.36364, "n_analysts": 22, "momentum_3m": -0.16521737656155644, "above_ma200": false, "score": 0.33787866666666666}