{"ticker": "9988.HK", "market": "HK", "current": 129.7, "target": 182.98985, "upside": 0.41087008481110265, "rec_mean": 1.29032, "n_analysts": 26, "momentum_3m": -0.255444352298958, "above_ma200": false, "score": 0.34032266666666666}