{"ticker": "9618.HK", "market": "HK", "current": 117.2, "target": 154.11183, "upside": 0.3149473549488053, "rec_mean": 1.4, "n_analysts": 24, "momentum_3m": 0.01585905772473839, "above_ma200": false, "score": 0.3644200176849588}