{"ticker": "0012.HK", "market": "HK", "current": 30.82, "target": 33.234, "upside": 0.0783257624918885, "rec_mean": 3.0, "n_analysts": 10, "momentum_3m": -0.06296298825473612, "above_ma200": false, "score": 0.12972096041531475}