{"ticker": "1093.HK", "market": "HK", "current": 8.36, "target": 11.59804, "upside": 0.38732535885167474, "rec_mean": 1.88462, "n_analysts": 23, "momentum_3m": -0.1284973906876713, "above_ma200": false, "score": 0.255769}