{"ticker": "0392.HK", "market": "HK", "current": 31.34, "target": 36.194, "upside": 0.15488194001276323, "rec_mean": 3.0, "n_analysts": 5, "momentum_3m": -0.10309858725104537, "above_ma200": false, "score": 0.1091469900021272}