{"ticker": "9618.HK", "market": "HK", "current": 117.7, "target": 154.11183, "upside": 0.30936134239592183, "rec_mean": 1.4, "n_analysts": 24, "momentum_3m": 0.01585905772473839, "above_ma200": false, "score": 0.4471219199204409}