{"ticker": "1378.HK", "market": "HK", "current": 32.74, "target": 44.086918, "upside": 0.3465766035430664, "rec_mean": 1.47059, "n_analysts": 14, "momentum_3m": -0.14768777377233522, "above_ma200": true, "score": 0.4630641496672045}