{"ticker": "2899.HK", "market": "HK", "current": 35.62, "target": 51.6869, "upside": 0.45106400898371724, "rec_mean": 1.2, "n_analysts": 15, "momentum_3m": -0.18543341260733626, "above_ma200": true, "score": 0.4529822618966242}