{"ticker": "0003.HK", "market": "HK", "current": 7.31, "target": 7.37, "upside": 0.008207934336525335, "rec_mean": 3.0, "n_analysts": 10, "momentum_3m": 0.004126576325592435, "above_ma200": true, "score": 0.1980966879951011}