{"ticker": "0016.HK", "market": "HK", "current": 139.5, "target": 147.855, "upside": 0.0598924731182795, "rec_mean": 3.0, "n_analysts": 14, "momentum_3m": 0.13787373973208017, "above_ma200": true, "score": 0.6834414339708801}