{"ticker": "0027.HK", "market": "HK", "current": 33.44, "target": 48.4215, "upside": 0.44801136363636385, "rec_mean": 1.28571, "n_analysts": 20, "momentum_3m": -0.22511847934237517, "above_ma200": false, "score": 0.2857145}