{"ticker": "0241.HK", "market": "HK", "current": 4.47, "target": 6.56457, "upside": 0.4685838926174497, "rec_mean": 2.05556, "n_analysts": 16, "momentum_3m": -0.3348348453701545, "above_ma200": false, "score": 0.3796293333333334}