{"ticker": "1171.HK", "market": "HK", "current": 16.37, "target": 16.072502, "upside": -0.018173365913256023, "rec_mean": 1.875, "n_analysts": 8, "momentum_3m": 0.40277770879092323, "above_ma200": true, "score": 0.8595833333333333}