{"ticker": "1398.HK", "market": "HK", "current": 7.23, "target": 7.629156, "upside": 0.055208298755186735, "rec_mean": 1.5, "n_analysts": 16, "momentum_3m": 0.12893076691982763, "above_ma200": true, "score": 0.713592996710304}