{"ticker": "0083.HK", "market": "HK", "current": 12.62, "target": 13.79, "upside": 0.09270998415213949, "rec_mean": 1.5, "n_analysts": 10, "momentum_3m": 0.08861854768081501, "above_ma200": true, "score": 0.6616903059733321}