{"ticker": "0941.HK", "market": "HK", "current": 85.5, "target": 96.075165, "upside": 0.1236861403508771, "rec_mean": 1.6875, "n_analysts": 15, "momentum_3m": 0.07834396848253378, "above_ma200": true, "score": 0.4743372057010165}