{"ticker": "0388.HK", "market": "HK", "current": 419.8, "target": 515.2353, "upside": 0.22733515959980943, "rec_mean": 1.42105, "n_analysts": 17, "momentum_3m": -0.008754878396509125, "above_ma200": true, "score": 0.2853373864257603}