{"ticker": "2628.HK", "market": "HK", "current": 27.4, "target": 35.250774, "upside": 0.2865245985401461, "rec_mean": 1.76471, "n_analysts": 15, "momentum_3m": -0.23532869525271694, "above_ma200": false, "score": 0.259518599756691}