{"ticker": "0916.HK", "market": "HK", "current": 6.6, "target": 7.493716, "upside": 0.13541151515151517, "rec_mean": 2.25, "n_analysts": 15, "momentum_3m": -0.13655169256802258, "above_ma200": false, "score": 0.21006858585858587}