{"ticker": "0939.HK", "market": "HK", "current": 8.96, "target": 9.72749, "upside": 0.08565736607142838, "rec_mean": 1.35294, "n_analysts": 17, "momentum_3m": 0.14414419113842625, "above_ma200": true, "score": 0.719944282615997}