{"ticker": "0008.HK", "market": "HK", "current": 6.04, "target": 5.8, "upside": -0.039735099337748325, "rec_mean": 3.0, "n_analysts": 1, "momentum_3m": 0.03448272460139301, "above_ma200": true, "score": 0.2064931576806821}