{"ticker": "1113.HK", "market": "HK", "current": 49.06, "target": 53.196, "upside": 0.08430493273542594, "rec_mean": 2.0, "n_analysts": 10, "momentum_3m": 0.06907169935955704, "above_ma200": true, "score": 0.5970968102909417}