{"ticker": "0728.HK", "market": "HK", "current": 5.23, "target": 6.282546, "upside": 0.20125162523900553, "rec_mean": 1.82353, "n_analysts": 16, "momentum_3m": -0.027675293958666858, "above_ma200": false, "score": 0.24236543753983425}