{"ticker": "2318.HK", "market": "HK", "current": 63.7, "target": 82.538, "upside": 0.29572998430141273, "rec_mean": 1.22222, "n_analysts": 16, "momentum_3m": -0.13845047537588173, "above_ma200": false, "score": 0.4337619947671376}