{"ticker": "0386.HK", "market": "HK", "current": 4.69, "target": 5.4730573, "upside": 0.16696317697228125, "rec_mean": 2.07692, "n_analysts": 13, "momentum_3m": -0.1273764348174512, "above_ma200": true, "score": 0.3197836818401947}