{"ticker": "9988.HK", "market": "HK", "current": 130.6, "target": 182.87814, "upside": 0.4002920367534457, "rec_mean": 1.29032, "n_analysts": 26, "momentum_3m": -0.18806163336225457, "above_ma200": false, "score": 0.285484}