{"ticker": "1177.HK", "market": "HK", "current": 5.46, "target": 8.819642, "upside": 0.6153190476190475, "rec_mean": 1.2381, "n_analysts": 19, "momentum_3m": -0.12877582634212226, "above_ma200": false, "score": 0.288095}