{"ticker": "2269.HK", "market": "HK", "current": 33.94, "target": 46.022884, "upside": 0.3560071891573364, "rec_mean": 1.52, "n_analysts": 21, "momentum_3m": -0.11594958795364207, "above_ma200": false, "score": 0.41533333333333333}