{"ticker": "0836.HK", "market": "HK", "current": 19.36, "target": 19.71643, "upside": 0.018410640495867714, "rec_mean": 2.625, "n_analysts": 14, "momentum_3m": 0.08172277704896236, "above_ma200": true, "score": 0.4080624153801273}