{"ticker": "2313.HK", "market": "HK", "current": 48.14, "target": 66.219124, "upside": 0.37555305359368485, "rec_mean": 1.40741, "n_analysts": 23, "momentum_3m": -0.22522232253577645, "above_ma200": false, "score": 0.42283933333333334}