{"ticker": "0002.HK", "market": "HK", "current": 75.85, "target": 76.34889, "upside": 0.006577323665128532, "rec_mean": 2.33333, "n_analysts": 9, "momentum_3m": 0.0013262396829896161, "above_ma200": true, "score": 0.17681575426850657}