{"ticker": "2378.HK", "market": "HK", "current": 115.8, "target": 147.90111, "upside": 0.27721165803108794, "rec_mean": 1.25, "n_analysts": 8, "momentum_3m": -0.09289624190694579, "above_ma200": true, "score": 0.30462577156749326}