{"ticker": "1928.HK", "market": "HK", "current": 16.32, "target": 21.975084, "upside": 0.3465125, "rec_mean": 1.33333, "n_analysts": 20, "momentum_3m": -0.1502397751584562, "above_ma200": false, "score": 0.427778}