{"ticker": "0291.HK", "market": "HK", "current": 26.18, "target": 34.65975, "upside": 0.32390183346065715, "rec_mean": 1.25806, "n_analysts": 28, "momentum_3m": -0.07127269398082381, "above_ma200": false, "score": 0.287097}