{"ticker": "3690.HK", "market": "HK", "current": 83.5, "target": 111.22875, "upside": 0.33208083832335333, "rec_mean": 1.86842, "n_analysts": 35, "momentum_3m": -0.1683065715833153, "above_ma200": false, "score": 0.3921053333333333}