{"ticker": "1209.HK", "market": "HK", "current": 47.74, "target": 52.594692, "upside": 0.10169023879346462, "rec_mean": 1.33333, "n_analysts": 15, "momentum_3m": 0.08648392896514445, "above_ma200": true, "score": 0.5815940726145575}