{"ticker": "0883.HK", "market": "HK", "current": 29.28, "target": 31.826601, "upside": 0.08697407786885236, "rec_mean": 1.66667, "n_analysts": 15, "momentum_3m": 0.2321428136992394, "above_ma200": true, "score": 0.8845466926229509}