{"ticker": "0017.HK", "market": "HK", "current": 8.6, "target": 8.32636, "upside": -0.03181860465116282, "rec_mean": 3.0, "n_analysts": 11, "momentum_3m": -0.17542125183315294, "above_ma200": false, "score": 0.12333333333333332}