{"ticker": "0083.HK", "market": "HK", "current": 12.65, "target": 13.79, "upside": 0.09011857707509874, "rec_mean": 1.5, "n_analysts": 10, "momentum_3m": 0.03976806197571614, "above_ma200": true, "score": 0.38999495837055326}