{"ticker": "1810.HK", "market": "HK", "current": 30.14, "target": 43.8906, "upside": 0.4562242866622428, "rec_mean": 1.75758, "n_analysts": 30, "momentum_3m": -0.12871287293692257, "above_ma200": false, "score": 0.262121}