{"ticker": "9988.HK", "market": "HK", "current": 130.1, "target": 182.97389, "upside": 0.40640960799385106, "rec_mean": 1.29032, "n_analysts": 26, "momentum_3m": -0.255444352298958, "above_ma200": false, "score": 0.4306453333333333}