{"ticker": "3618.HK", "market": "HK", "current": 7.0, "target": 7.9425325, "upside": 0.13464750000000003, "rec_mean": 3.0, "n_analysts": 7, "momentum_3m": 0.19524620058329578, "above_ma200": true, "score": 0.6858573058667796}