{"ticker": "0001.HK", "market": "HK", "current": 65.7, "target": 70.325, "upside": 0.07039573820395728, "rec_mean": 3.0, "n_analysts": 8, "momentum_3m": -0.006891340836232995, "above_ma200": true, "score": 0.37354206578845706}