{"ticker": "1928.HK", "market": "HK", "current": 16.34, "target": 21.97528, "upside": 0.3448763769889842, "rec_mean": 1.33333, "n_analysts": 20, "momentum_3m": -0.10191443672805944, "above_ma200": false, "score": 0.2833335}