{"ticker": "0001.HK", "market": "HK", "current": 65.95, "target": 70.325, "upside": 0.06633813495072016, "rec_mean": 3.0, "n_analysts": 8, "momentum_3m": -0.007651109589512872, "above_ma200": true, "score": 0.18675862482608493}