{"ticker": "0489.HK", "market": "HK", "current": 9.54, "target": 10.192217, "upside": 0.06836656184486367, "rec_mean": 1.5, "n_analysts": 4, "momentum_3m": 0.07191015401733725, "above_ma200": true, "score": 0.6068814016754851}