{"ticker": "0902.HK", "market": "HK", "current": 6.35, "target": 6.0800414, "upside": -0.042513165354330695, "rec_mean": 2.92308, "n_analysts": 13, "momentum_3m": 0.10517235114089862, "above_ma200": true, "score": 0.4973742123475429}