{"ticker": "1211.HK", "market": "HK", "current": 108.0, "target": 125.75069, "upside": 0.1643582407407409, "rec_mean": 1.5, "n_analysts": 28, "momentum_3m": 0.05493381209399506, "above_ma200": false, "score": 0.4538534650545729}