{"ticker": "0027.HK", "market": "HK", "current": 33.4, "target": 48.4215, "upside": 0.44974550898203614, "rec_mean": 1.28571, "n_analysts": 20, "momentum_3m": -0.2232778634650029, "above_ma200": false, "score": 0.43095266666666665}