{"ticker": "0688.HK", "market": "HK", "current": 13.35, "target": 15.407, "upside": 0.15408239700374526, "rec_mean": 1.6, "n_analysts": 13, "momentum_3m": -0.16428083400671267, "above_ma200": false, "score": 0.2323470661672909}