{"ticker": "0883.HK", "market": "HK", "current": 29.38, "target": 31.809948, "upside": 0.0827075561606534, "rec_mean": 1.66667, "n_analysts": 15, "momentum_3m": 0.23634807516873813, "above_ma200": true, "score": 0.6902822794445929}