{"ticker": "0267.HK", "market": "HK", "current": 13.04, "target": 13.9, "upside": 0.06595092024539895, "rec_mean": 3.0, "n_analysts": 3, "momentum_3m": 0.04626628755015294, "above_ma200": true, "score": 0.28722854344981763}