{"ticker": "0762.HK", "market": "HK", "current": 7.42, "target": 9.342412, "upside": 0.25908517520215635, "rec_mean": 2.15385, "n_analysts": 13, "momentum_3m": 0.0027510290204930676, "above_ma200": true, "score": 0.23128723580950344}