{"ticker": "1818.HK", "market": "HK", "current": 28.3, "target": 42.052128, "upside": 0.48594091872791534, "rec_mean": 1.11111, "n_analysts": 8, "momentum_3m": -0.2787045920215735, "above_ma200": false, "score": 0.2477778333333333}