{"ticker": "2018.HK", "market": "HK", "current": 36.78, "target": 49.58792, "upside": 0.3482305600870037, "rec_mean": 1.36842, "n_analysts": 19, "momentum_3m": 0.01510069745171605, "above_ma200": true, "score": 0.343434551073935}