{"ticker": "0669.HK", "market": "HK", "current": 111.2, "target": 136.79973, "upside": 0.23021339928057571, "rec_mean": 3.0, "n_analysts": 17, "momentum_3m": 0.04875715629558908, "above_ma200": true, "score": 0.4828645640195701}