{"ticker": "3988.HK", "market": "HK", "current": 5.17, "target": 5.7352157, "upside": 0.10932605415860741, "rec_mean": 1.58824, "n_analysts": 17, "momentum_3m": 0.13525490592457978, "above_ma200": true, "score": 0.7016960824509347}