{"ticker": "1071.HK", "market": "HK", "current": 4.27, "target": 4.4629807, "upside": 0.04519454332552697, "rec_mean": 3.0, "n_analysts": 5, "momentum_3m": 0.028846242018708557, "above_ma200": false, "score": 0.14855824125833825}