{"ticker": "2382.HK", "market": "HK", "current": 63.85, "target": 79.91461, "upside": 0.2515992169146437, "rec_mean": 1.83333, "n_analysts": 23, "momentum_3m": 0.06388415589881191, "above_ma200": true, "score": 0.4547035357309589}