{"ticker": "2367.HK", "market": "HK", "current": 30.5, "target": 44.07019, "upside": 0.44492426229508175, "rec_mean": 1.38889, "n_analysts": 16, "momentum_3m": -0.11104475562252214, "above_ma200": false, "score": 0.2805555}