{"ticker": "0005.HK", "market": "HK", "current": 141.1, "target": 156.653, "upside": 0.11022678951098519, "rec_mean": 1.63636, "n_analysts": 10, "momentum_3m": 0.04535320523059938, "above_ma200": true, "score": 0.6123480710162275}