{"ticker": "2196.HK", "market": "HK", "current": 19.14, "target": 29.206465, "upside": 0.5259386102403345, "rec_mean": 2.0, "n_analysts": 6, "momentum_3m": -0.05501927738548151, "above_ma200": false, "score": 0.19}