{"ticker": "3968.HK", "market": "HK", "current": 48.04, "target": 57.91932, "upside": 0.20564779350541218, "rec_mean": 1.78947, "n_analysts": 19, "momentum_3m": 0.06189059241326422, "above_ma200": true, "score": 0.46986972643930247}