{"ticker": "0322.HK", "market": "HK", "current": 12.19, "target": 14.250338, "upside": 0.16901870385561946, "rec_mean": 1.81818, "n_analysts": 21, "momentum_3m": 0.06470592289470778, "above_ma200": true, "score": 0.47099134501991674}