{"ticker": "1810.HK", "market": "HK", "current": 30.16, "target": 43.913578, "upside": 0.45602049071618045, "rec_mean": 1.75758, "n_analysts": 30, "momentum_3m": -0.15860520470151762, "above_ma200": false, "score": 0.39949466666666666}