{"ticker": "9999.HK", "market": "HK", "current": 175.0, "target": 253.90916, "upside": 0.4509094857142857, "rec_mean": 1.36364, "n_analysts": 22, "momentum_3m": -0.08668073023791212, "above_ma200": false, "score": 0.281818}