{"ticker": "1044.HK", "market": "HK", "current": 27.04, "target": 29.158422, "upside": 0.07834400887573967, "rec_mean": 3.0, "n_analysts": 10, "momentum_3m": -0.010997109122363069, "above_ma200": true, "score": 0.20326510487394792}