{"ticker": "0016.HK", "market": "HK", "current": 140.0, "target": 147.855, "upside": 0.05610714285714269, "rec_mean": 3.0, "n_analysts": 14, "momentum_3m": 0.08300395256916993, "above_ma200": true, "score": 0.35066823139804487}