{"ticker": "2331.HK", "market": "HK", "current": 20.4, "target": 25.746195, "upside": 0.2620683823529413, "rec_mean": 1.64516, "n_analysts": 29, "momentum_3m": 0.0098814607312816, "above_ma200": true, "score": 0.4073114064902209}