{"ticker": "0270.HK", "market": "HK", "current": 8.16, "target": 8.84167, "upside": 0.08353799019607844, "rec_mean": 1.25, "n_analysts": 6, "momentum_3m": 0.1556801737533049, "above_ma200": true, "score": 0.694485611308915}