{"ticker": "0175.HK", "market": "HK", "current": 22.28, "target": 28.03137, "upside": 0.25814048473967666, "rec_mean": 1.3125, "n_analysts": 25, "momentum_3m": 0.31760434252379954, "above_ma200": true, "score": 0.9372608675475791}