{"ticker": "0868.HK", "market": "HK", "current": 9.63, "target": 10.235, "upside": 0.06282450674974016, "rec_mean": 2.45455, "n_analysts": 10, "momentum_3m": 0.02874750443791463, "above_ma200": true, "score": 0.3488300255096285}