{"ticker": "9618.HK", "market": "HK", "current": 117.5, "target": 154.11183, "upside": 0.31159004255319145, "rec_mean": 1.4, "n_analysts": 24, "momentum_3m": 0.07656400274943143, "above_ma200": true, "score": 0.4470924968154613}