{"ticker": "0823.HK", "market": "HK", "current": 39.36, "target": 42.15643, "upside": 0.07104751016260158, "rec_mean": 1.92857, "n_analysts": 14, "momentum_3m": 0.10243347244636847, "above_ma200": true, "score": 0.4755867963948081}