{"ticker": "9633.HK", "market": "HK", "current": 46.92, "target": 55.035168, "upside": 0.1729575447570333, "rec_mean": 1.72, "n_analysts": 23, "momentum_3m": -0.04023905233194647, "above_ma200": false, "score": 0.2428262574595056}