{"ticker": "1109.HK", "market": "HK", "current": 32.96, "target": 38.55112, "upside": 0.16963349514563086, "rec_mean": 3.0, "n_analysts": 16, "momentum_3m": -0.03312498331069946, "above_ma200": true, "score": 0.2232123591850233}