{"ticker": "1044.HK", "market": "HK", "current": 27.02, "target": 29.143164, "upside": 0.07857749814951887, "rec_mean": 3.0, "n_analysts": 10, "momentum_3m": -0.03573981473768362, "above_ma200": false, "score": 0.12976291635825316}