{"ticker": "1398.HK", "market": "HK", "current": 7.22, "target": 7.625164, "upside": 0.05611689750692528, "rec_mean": 1.5, "n_analysts": 16, "momentum_3m": 0.11317830087760217, "above_ma200": true, "score": 0.5342930472591509}