{"ticker": "0066.HK", "market": "HK", "current": 34.18, "target": 32.2375, "upside": -0.05683148039789354, "rec_mean": 3.33333, "n_analysts": 12, "momentum_3m": -0.06739723519103169, "above_ma200": true, "score": 0.1541813950836183}