{"ticker": "0019.HK", "market": "HK", "current": 84.35, "target": 89.7375, "upside": 0.06387077652637818, "rec_mean": 3.0, "n_analysts": 8, "momentum_3m": 0.1255813547939162, "above_ma200": true, "score": 0.6238316096829548}