{"ticker": "0144.HK", "market": "HK", "current": 15.32, "target": 16.51429, "upside": 0.0779562663185378, "rec_mean": 2.0, "n_analysts": 7, "momentum_3m": -0.0019205975154280575, "above_ma200": false, "score": 0.1596593777197563}