{"ticker": "0941.HK", "market": "HK", "current": 85.45, "target": 96.02489, "upside": 0.1237552954944412, "rec_mean": 1.6875, "n_analysts": 15, "momentum_3m": 0.05944931050422464, "above_ma200": true, "score": 0.42940355009918}