{"ticker": "0267.HK", "market": "HK", "current": 13.1, "target": 13.9, "upside": 0.06106870229007644, "rec_mean": 3.0, "n_analysts": 3, "momentum_3m": 0.05829228410160758, "above_ma200": true, "score": 0.27892079583314355}