{"ticker": "0005.HK", "market": "HK", "current": 141.0, "target": 156.6556, "upside": 0.11103262411347514, "rec_mean": 1.63636, "n_analysts": 10, "momentum_3m": 0.02478140838848608, "above_ma200": true, "score": 0.3405890042422016}