{"ticker": "0257.HK", "market": "HK", "current": 5.54, "target": 6.29388, "upside": 0.13607942238267134, "rec_mean": 1.1, "n_analysts": 8, "momentum_3m": 0.14315353374409256, "above_ma200": true, "score": 0.7208774867480557}