{"ticker": "0285.HK", "market": "HK", "current": 26.54, "target": 34.955166, "upside": 0.3170748304446118, "rec_mean": 2.16667, "n_analysts": 17, "momentum_3m": -0.23298730832191383, "above_ma200": false, "score": 0.2416665}