{"ticker": "9888.HK", "market": "HK", "current": 119.9, "target": 172.67279, "upside": 0.44014003336113405, "rec_mean": 1.43478, "n_analysts": 20, "momentum_3m": -0.11549491785976751, "above_ma200": true, "score": 0.3841061613977471}