{"ticker": "0992.HK", "market": "HK", "current": 11.86, "target": 12.190787, "upside": 0.027890978077571793, "rec_mean": 1.80952, "n_analysts": 19, "momentum_3m": 0.2886709728142576, "above_ma200": true, "score": 0.8584442562675452}