{"ticker": "2313.HK", "market": "HK", "current": 48.34, "target": 66.18447, "upside": 0.3691450144807613, "rec_mean": 1.40741, "n_analysts": 23, "momentum_3m": -0.25705429195433627, "above_ma200": false, "score": 0.2796295}