{"ticker": "2382.HK", "market": "HK", "current": 63.6, "target": 79.95645, "upside": 0.2571768867924529, "rec_mean": 1.83333, "n_analysts": 23, "momentum_3m": -0.011084730736745763, "above_ma200": false, "score": 0.38017029559748433}