{"ticker": "6178.HK", "market": "HK", "current": 8.09, "target": 8.69055, "upside": 0.0742336217552535, "rec_mean": 3.0, "n_analysts": 1, "momentum_3m": -0.09852773421020966, "above_ma200": false, "score": 0.06903893695920892}