{"ticker": "6618.HK", "market": "HK", "current": 45.4, "target": 76.10378, "upside": 0.6762947136563877, "rec_mean": 1.27778, "n_analysts": 16, "momentum_3m": -0.288073390107382, "above_ma200": false, "score": 0.286111}