{"ticker": "0101.HK", "market": "HK", "current": 9.18, "target": 10.93846, "upside": 0.19155337690631802, "rec_mean": 1.66667, "n_analysts": 13, "momentum_3m": -0.04264398372328071, "above_ma200": false, "score": 0.23525872948438636}