{"ticker": "1299.HK", "market": "HK", "current": 84.95, "target": 103.85573, "upside": 0.22255126545026482, "rec_mean": 1.28571, "n_analysts": 18, "momentum_3m": -0.04699138652287782, "above_ma200": false, "score": 0.2728063775750441}