{"ticker": "0066.HK", "market": "HK", "current": 34.04, "target": 32.2375, "upside": -0.05295240893066988, "rec_mean": 3.33333, "n_analysts": 12, "momentum_3m": 0.00412977531996761, "above_ma200": true, "score": 0.3195051495761343}