{"ticker": "2388.HK", "market": "HK", "current": 44.08, "target": 45.18267, "upside": 0.02501519963702359, "rec_mean": 2.125, "n_analysts": 15, "momentum_3m": 0.05303762746427565, "above_ma200": true, "score": 0.3356550953542995}