{"ticker": "0939.HK", "market": "HK", "current": 8.99, "target": 9.722401, "upside": 0.08146840934371524, "rec_mean": 1.35294, "n_analysts": 17, "momentum_3m": 0.12389387039384947, "above_ma200": true, "score": 0.5820697758688943}