{"ticker": "2269.HK", "market": "HK", "current": 33.94, "target": 45.998802, "upside": 0.35529764289923405, "rec_mean": 1.52, "n_analysts": 21, "momentum_3m": -0.08423909071713098, "above_ma200": false, "score": 0.274}