{"ticker": "1772.HK", "market": "HK", "current": 84.35, "target": 72.91888, "upside": -0.13552009484291638, "rec_mean": 2.11111, "n_analysts": 18, "momentum_3m": 0.22197963140361088, "above_ma200": true, "score": 0.8944445}