{"ticker": "2388.HK", "market": "HK", "current": 43.98, "target": 45.18267, "upside": 0.027345839017735463, "rec_mean": 2.125, "n_analysts": 15, "momentum_3m": 0.08333334910175805, "above_ma200": true, "score": 0.5547084557406605}