{"ticker": "0012.HK", "market": "HK", "current": 30.74, "target": 33.234, "upside": 0.0811320754716982, "rec_mean": 3.0, "n_analysts": 10, "momentum_3m": 0.003968281750716285, "above_ma200": true, "score": 0.24522103316814475}