{"ticker": "0101.HK", "market": "HK", "current": 9.16, "target": 10.93846, "upside": 0.19415502183406108, "rec_mean": 1.66667, "n_analysts": 13, "momentum_3m": -0.014270046030751882, "above_ma200": true, "score": 0.3778888778229217}