{"ticker": "3328.HK", "market": "HK", "current": 7.13, "target": 7.7647147, "upside": 0.08902029453015436, "rec_mean": 2.17647, "n_analysts": 17, "momentum_3m": 0.0824742188403067, "above_ma200": true, "score": 0.46685645832604233}