{"ticker": "3968.HK", "market": "HK", "current": 47.98, "target": 57.88901, "upside": 0.2065237598999583, "rec_mean": 1.78947, "n_analysts": 19, "momentum_3m": 0.03001642892255818, "above_ma200": true, "score": 0.3146860545331373}