{"ticker": "2628.HK", "market": "HK", "current": 27.46, "target": 35.26923, "upside": 0.28438565185724696, "rec_mean": 1.76471, "n_analysts": 15, "momentum_3m": -0.23577710756439962, "above_ma200": false, "score": 0.3938145506190823}