{"ticker": "0151.HK", "market": "HK", "current": 4.42, "target": 5.6220183, "upside": 0.2719498416289592, "rec_mean": 2.25, "n_analysts": 16, "momentum_3m": -0.042462804170978585, "above_ma200": false, "score": 0.23282497360482654}