{"ticker": "0386.HK", "market": "HK", "current": 4.7, "target": 5.4701934, "upside": 0.16387093617021287, "rec_mean": 2.07692, "n_analysts": 13, "momentum_3m": -0.13559318228820239, "above_ma200": false, "score": 0.21013248936170217}