{"ticker": "9888.HK", "market": "HK", "current": 119.7, "target": 172.7632, "upside": 0.4433015873015873, "rec_mean": 1.43478, "n_analysts": 20, "momentum_3m": -0.20554120182826263, "above_ma200": true, "score": 0.4891701806650117}