{"ticker": "1093.HK", "market": "HK", "current": 8.35, "target": 11.59804, "upside": 0.3889868263473053, "rec_mean": 1.88462, "n_analysts": 23, "momentum_3m": -0.1539235208812949, "above_ma200": false, "score": 0.39102533333333334}