{"ticker": "9999.HK", "market": "HK", "current": 174.9, "target": 254.04211, "upside": 0.45249919954259576, "rec_mean": 1.36364, "n_analysts": 22, "momentum_3m": -0.16521737656155644, "above_ma200": false, "score": 0.4257573333333333}