{"ticker": "1209.HK", "market": "HK", "current": 47.78, "target": 52.56717, "upside": 0.10019192130598564, "rec_mean": 1.33333, "n_analysts": 15, "momentum_3m": -0.030366905995623195, "above_ma200": false, "score": 0.2500321535509976}