{"ticker": "0006.HK", "market": "HK", "current": 64.85, "target": 63.95, "upside": -0.013878180416345254, "rec_mean": 2.125, "n_analysts": 8, "momentum_3m": 0.08749999999999991, "above_ma200": true, "score": 0.566711985246184}