{"ticker": "0241.HK", "market": "HK", "current": 4.47, "target": 6.561135, "upside": 0.4678154362416109, "rec_mean": 2.05556, "n_analysts": 16, "momentum_3m": -0.27850164093338003, "above_ma200": false, "score": 0.247222}