{"ticker": "1113.HK", "market": "HK", "current": 49.38, "target": 53.196, "upside": 0.07727825030376656, "rec_mean": 2.0, "n_analysts": 10, "momentum_3m": 0.046120674984350796, "above_ma200": true, "score": 0.3357645213036437}