{"ticker": "0291.HK", "market": "HK", "current": 26.1, "target": 34.65975, "upside": 0.3279597701149426, "rec_mean": 1.25806, "n_analysts": 28, "momentum_3m": -0.001563682888897966, "above_ma200": false, "score": 0.43279599999999996}