{"ticker": "0823.HK", "market": "HK", "current": 39.32, "target": 42.15643, "upside": 0.07213708036622579, "rec_mean": 1.92857, "n_analysts": 14, "momentum_3m": 0.09192821612227053, "above_ma200": true, "score": 0.4407379701019129}