{"ticker": "0023.HK", "market": "HK", "current": 13.68, "target": 14.40875, "upside": 0.053271198830409316, "rec_mean": 3.25, "n_analysts": 8, "momentum_3m": -0.05890323712049006, "above_ma200": true, "score": 0.16741046563647266}