{"ticker": "1336.HK", "market": "HK", "current": 52.0, "target": 48.960007, "upside": -0.05846140384615395, "rec_mean": 2.92308, "n_analysts": 12, "momentum_3m": -0.1993671224163499, "above_ma200": false, "score": 0.13384600000000002}