{"ticker": "1038.HK", "market": "HK", "current": 66.2, "target": 70.31714, "upside": 0.062192447129909345, "rec_mean": 3.0, "n_analysts": 14, "momentum_3m": 0.03557610778156928, "above_ma200": true, "score": 0.28263671258286943}