{"ticker": "1038.HK", "market": "HK", "current": 66.15, "target": 70.31714, "upside": 0.06299531368102773, "rec_mean": 3.0, "n_analysts": 14, "momentum_3m": 0.05102034766683361, "above_ma200": true, "score": 0.5145702222037205}