{"ticker": "0288.HK", "market": "HK", "current": 9.96, "target": 10.678001, "upside": 0.07208845381526086, "rec_mean": 1.75, "n_analysts": 15, "momentum_3m": 0.15645506540337895, "above_ma200": true, "score": 0.8087120827101554}