{"ticker": "2318.HK", "market": "HK", "current": 63.7, "target": 82.49481, "upside": 0.2950519623233909, "rec_mean": 1.22222, "n_analysts": 16, "momentum_3m": -0.14641079545793445, "above_ma200": false, "score": 0.2880643270538985}