{"ticker": "2018.HK", "market": "HK", "current": 36.56, "target": 49.613884, "upside": 0.3570537199124726, "rec_mean": 1.36842, "n_analysts": 19, "momentum_3m": -0.04069769844919047, "above_ma200": false, "score": 0.42543866666666663}