{"ticker": "1299.HK", "market": "HK", "current": 85.0, "target": 103.85481, "upside": 0.22182129411764717, "rec_mean": 1.28571, "n_analysts": 18, "momentum_3m": -0.03817230235807867, "above_ma200": true, "score": 0.4723545949122291}