{"ticker": "0992.HK", "market": "HK", "current": 11.88, "target": 12.190679, "upside": 0.0261514309764308, "rec_mean": 1.80952, "n_analysts": 19, "momentum_3m": 0.3322071814467391, "above_ma200": true, "score": 0.7955905935955375}