{"ticker": "0762.HK", "market": "HK", "current": 7.44, "target": 9.347303, "upside": 0.25635793010752694, "rec_mean": 2.15385, "n_analysts": 13, "momentum_3m": -0.0544040946724379, "above_ma200": false, "score": 0.3385293100358423}