{"ticker": "2333.HK", "market": "HK", "current": 11.7, "target": 17.213219, "upside": 0.47121529914529914, "rec_mean": 1.66667, "n_analysts": 21, "momentum_3m": -0.11690250281628611, "above_ma200": false, "score": 0.2666665}