{"ticker": "1211.HK", "market": "HK", "current": 108.3, "target": 125.68488, "upside": 0.1605252077562327, "rec_mean": 1.5, "n_analysts": 28, "momentum_3m": 0.14269969088972112, "above_ma200": false, "score": 0.5371535830721477}