{"ticker": "1109.HK", "market": "HK", "current": 32.76, "target": 38.55112, "upside": 0.17677411477411487, "rec_mean": 3.0, "n_analysts": 16, "momentum_3m": 0.0863764407079104, "above_ma200": true, "score": 0.44733133872669667}