{"ticker": "0669.HK", "market": "HK", "current": 111.4, "target": 136.80095, "upside": 0.22801570915619385, "rec_mean": 3.0, "n_analysts": 17, "momentum_3m": -0.02488891601562504, "above_ma200": true, "score": 0.19059822219763872}