{"ticker": "6862.HK", "market": "HK", "current": 14.36, "target": 17.682451, "upside": 0.2313684540389973, "rec_mean": 3.0, "n_analysts": 26, "momentum_3m": -0.07474231745309978, "above_ma200": false, "score": 0.18856140900649954}