{"ticker": "3690.HK", "market": "HK", "current": 83.15, "target": 111.17055, "upside": 0.336987973541792, "rec_mean": 1.86842, "n_analysts": 35, "momentum_3m": -0.1247956070653099, "above_ma200": false, "score": 0.256579}