{"ticker": "0700.HK", "market": "HK", "current": 479.2, "target": 723.74023, "upside": 0.5103093280467446, "rec_mean": 1.34783, "n_analysts": 42, "momentum_3m": -0.12583028082478087, "above_ma200": false, "score": 0.2826085}