{"ticker": "1066.HK", "market": "HK", "current": 3.44, "target": 6.126002, "upside": 0.7808145348837208, "rec_mean": 1.45455, "n_analysts": 9, "momentum_3m": -0.3199233534478845, "above_ma200": false, "score": 0.2372725}