{"ticker": "0857.HK", "market": "HK", "current": 11.96, "target": 11.454101, "upside": -0.042299247491638936, "rec_mean": 3.0, "n_analysts": 17, "momentum_3m": 0.32463104658985653, "above_ma200": true, "score": 0.7666666666666667}