{"ticker": "1177.HK", "market": "HK", "current": 5.49, "target": 8.82426, "upside": 0.6073333333333333, "rec_mean": 1.2381, "n_analysts": 19, "momentum_3m": -0.17841080114074892, "above_ma200": false, "score": 0.43412666666666666}