{"ticker": "0175.HK", "market": "HK", "current": 22.34, "target": 28.0167, "upside": 0.25410474485228285, "rec_mean": 1.3125, "n_analysts": 25, "momentum_3m": 0.3527950416518728, "above_ma200": false, "score": 0.6767257908087139}