{"ticker": "0288.HK", "market": "HK", "current": 9.96, "target": 10.677933, "upside": 0.07208162650602401, "rec_mean": 1.75, "n_analysts": 15, "momentum_3m": 0.12686562535870816, "above_ma200": true, "score": 0.5255118420529554}