{"ticker": "0006.HK", "market": "HK", "current": 65.0, "target": 63.95, "upside": -0.016153846153846074, "rec_mean": 2.125, "n_analysts": 8, "momentum_3m": 0.053268752161738764, "above_ma200": true, "score": 0.31168716468038127}