{"ticker": "0200.HK", "market": "HK", "current": 4.12, "target": 5.3, "upside": 0.28640776699029113, "rec_mean": 2.0, "n_analysts": 5, "momentum_3m": -0.049773815210716665, "above_ma200": false, "score": 0.18106796116504853}