{"ticker": "3988.HK", "market": "HK", "current": 5.18, "target": 5.732215, "upside": 0.10660521235521236, "rec_mean": 1.58824, "n_analysts": 17, "momentum_3m": 0.09635970062387034, "above_ma200": true, "score": 0.48489724159709}