{"ticker": "0998.HK", "market": "HK", "current": 8.11, "target": 8.916344, "upside": 0.09942589395807655, "rec_mean": 1.5, "n_analysts": 10, "momentum_3m": 0.13150685110466176, "above_ma200": true, "score": 0.6659116451652636}