{"ticker": "0700.HK", "market": "HK", "current": 479.2, "target": 724.1192, "upside": 0.5111001669449082, "rec_mean": 1.34783, "n_analysts": 42, "momentum_3m": -0.21943988831471384, "above_ma200": false, "score": 0.4268113333333333}