{"ticker": "0857.HK", "market": "HK", "current": 11.98, "target": 11.448107, "upside": -0.0443984140233723, "rec_mean": 3.0, "n_analysts": 17, "momentum_3m": 0.29235885065237976, "above_ma200": true, "score": 0.6721550950915616}