{"ticker": "0220.HK", "market": "HK", "current": 7.3, "target": 9.475963, "upside": 0.29807712328767133, "rec_mean": 1.95238, "n_analysts": 19, "momentum_3m": -0.028277668521326182, "above_ma200": false, "score": 0.25206052054794525}