{"ticker": "0003.HK", "market": "HK", "current": 7.34, "target": 7.37, "upside": 0.004087193460490468, "rec_mean": 3.0, "n_analysts": 10, "momentum_3m": -0.04712037473409614, "above_ma200": true, "score": 0.12968759954990877}