{"ticker": "3692.HK", "market": "HK", "current": 37.12, "target": 46.401184, "upside": 0.2500318965517243, "rec_mean": 1.31818, "n_analysts": 22, "momentum_3m": -0.056323622262947515, "above_ma200": false, "score": 0.27576298275862077}