{"ticker": "1099.HK", "market": "HK", "current": 18.55, "target": 22.859398, "upside": 0.2323125606469001, "rec_mean": 1.76923, "n_analysts": 13, "momentum_3m": -0.11247633166016668, "above_ma200": false, "score": 0.23692392677448335}