{"ticker": "0788.HK", "market": "HK", "current": 11.13, "target": 12.684424, "upside": 0.1396607367475291, "rec_mean": 2.18182, "n_analysts": 10, "momentum_3m": -0.020942388335015272, "above_ma200": false, "score": 0.1808524561245882}