{"ticker": "1186.HK", "market": "HK", "current": 5.23, "target": 6.378028, "upside": 0.219508221797323, "rec_mean": 3.0, "n_analysts": 3, "momentum_3m": -0.039497353725069795, "above_ma200": false, "score": 0.10658470363288718}