{"ticker": "1138.HK", "market": "HK", "current": 18.41, "target": 23.477308, "upside": 0.2752475828354155, "rec_mean": 1.7, "n_analysts": 10, "momentum_3m": 0.3151261230967837, "above_ma200": true, "score": 0.9275412638059025}