{"ticker": "2007.HK", "market": "HK", "current": 0.29, "target": 0.30027625, "upside": 0.03543534482758637, "rec_mean": 4.0, "n_analysts": 4, "momentum_3m": 0.03636360089641055, "above_ma200": false, "score": 0.10529975926408551}