{"ticker": "AMD", "market": "US", "current": 323.21, "target": 295.76086, "upside": -0.08492664212122147, "rec_mean": 1.57143, "n_analysts": 46, "momentum_3m": 0.31242126872054854, "above_ma200": true, "score": 0.8309523333333332}