{"ticker": "ABBV", "market": "US", "current": 197.69, "target": 249.26666, "upside": 0.26089665638120296, "rec_mean": 1.8125, "n_analysts": 30, "momentum_3m": -0.12386986803690103, "above_ma200": false, "score": 0.3033649948572682}