{"ticker": "ACN", "market": "US", "current": 177.75, "target": 250.51407, "upside": 0.4093618565400845, "rec_mean": 1.85714, "n_analysts": 27, "momentum_3m": -0.33374566397950167, "above_ma200": false, "score": 0.3214286666666667}