{"ticker": "CSCO", "market": "US", "current": 86.86, "target": 89.09, "upside": 0.025673497582316518, "rec_mean": 1.84615, "n_analysts": 22, "momentum_3m": 0.07713295222943128, "above_ma200": true, "score": 0.5636627248266732}