{"ticker": "DIS", "market": "US", "current": 101.47, "target": 128.25172, "upside": 0.2639373213757761, "rec_mean": 1.54839, "n_analysts": 29, "momentum_3m": -0.028530357248509497, "above_ma200": false, "score": 0.3136889940212214}