{"ticker": "GE", "market": "US", "current": 289.2, "target": 350.45, "upside": 0.2117911479944674, "rec_mean": 1.47619, "n_analysts": 20, "momentum_3m": -0.06319840558476342, "above_ma200": false, "score": 0.29002257399723375}