{"ticker": "GM", "market": "US", "current": 78.95, "target": 93.96, "upside": 0.1901203293223559, "rec_mean": 1.84615, "n_analysts": 25, "momentum_3m": -0.06313041303843392, "above_ma200": true, "score": 0.4612829084399849}