{"ticker": "JPM", "market": "US", "current": 311.45, "target": 340.45456, "upside": 0.09312750040134854, "rec_mean": 2.16, "n_analysts": 22, "momentum_3m": 0.01074186214461692, "above_ma200": true, "score": 0.26097442948286076}