{"ticker": "KO", "market": "US", "current": 78.35, "target": 83.6687, "upside": 0.06788385449904277, "rec_mean": 1.70833, "n_analysts": 23, "momentum_3m": 0.040090223943435754, "above_ma200": true, "score": 0.4170115466776302}