{"ticker": "MSFT", "market": "US", "current": 429.25, "target": 572.6657, "upside": 0.334107629586488, "rec_mean": 1.28571, "n_analysts": 54, "momentum_3m": 0.013888572526697285, "above_ma200": false, "score": 0.36478133525505363}