{"ticker": "MMM", "market": "US", "current": 146.03, "target": 175.02705, "upside": 0.1985691296308978, "rec_mean": 2.11111, "n_analysts": 17, "momentum_3m": -0.04823042592540283, "above_ma200": false, "score": 0.26224756481544886}