{"ticker": "ORCL", "market": "US", "current": 165.96, "target": 243.22795, "upside": 0.4655817666907687, "rec_mean": 1.63636, "n_analysts": 39, "momentum_3m": 0.03686123481985937, "above_ma200": false, "score": 0.3932951609347539}