{"ticker": "QCOM", "market": "US", "current": 150.0, "target": 150.10345, "upside": 0.0006896666666666995, "rec_mean": 2.72222, "n_analysts": 29, "momentum_3m": -0.01716678810778216, "above_ma200": false, "score": 0.14293750000000002}