{"ticker": "TXN", "market": "US", "current": 265.0, "target": 272.75, "upside": 0.029245283018867863, "rec_mean": 2.2973, "n_analysts": 32, "momentum_3m": 0.17772546317692206, "above_ma200": true, "score": 0.7823988687357142}