{"ticker": "HON", "market": "US", "current": 210.3, "target": 247.8988, "upside": 0.1787864954826437, "rec_mean": 2.03846, "n_analysts": 25, "momentum_3m": -0.08925555533969054, "above_ma200": false, "score": 0.2278747492471073}