{"ticker": "GOOGL", "market": "US", "current": 349.78, "target": 378.50394, "upside": 0.08212001829721549, "rec_mean": 1.39394, "n_analysts": 56, "momentum_3m": 0.017719445705811188, "above_ma200": true, "score": 0.6276898413244553}