{"ticker": "LLY", "market": "US", "current": 851.21, "target": 1202.3448, "upside": 0.41251254097108814, "rec_mean": 1.70968, "n_analysts": 29, "momentum_3m": -0.15172502806907906, "above_ma200": false, "score": 0.264516}