{"ticker": "MDT", "market": "US", "current": 79.37, "target": 108.0, "upside": 0.3607156356305907, "rec_mean": 1.89655, "n_analysts": 25, "momentum_3m": -0.2307617511937473, "above_ma200": false, "score": 0.2551725}