{"ticker": "IBM", "market": "US", "current": 233.04, "target": 281.6765, "upside": 0.20870451424648118, "rec_mean": 2.14286, "n_analysts": 20, "momentum_3m": -0.10738228904868696, "above_ma200": false, "score": 0.22764108570774688}