{"ticker": "ITW", "market": "US", "current": 265.67, "target": 275.875, "upside": 0.03841231603116646, "rec_mean": 3.38889, "n_analysts": 16, "momentum_3m": -0.04747047456359732, "above_ma200": true, "score": 0.16226350900066613}