{"ticker": "ABT", "market": "US", "current": 93.86, "target": 118.64, "upside": 0.26401022799914764, "rec_mean": 1.67857, "n_analysts": 25, "momentum_3m": -0.16439633536378562, "above_ma200": false, "score": 0.2600732046665246}