{"ticker": "PG", "market": "US", "current": 149.17, "target": 164.13635, "upside": 0.10033083059596448, "rec_mean": 2.04167, "n_analysts": 22, "momentum_3m": -0.08152210574854502, "above_ma200": true, "score": 0.2618889911007246}