{"ticker": "BAC", "market": "US", "current": 52.66, "target": 62.80435, "upside": 0.19263862514242325, "rec_mean": 1.48, "n_analysts": 23, "momentum_3m": -0.025356264350124724, "above_ma200": true, "score": 0.414622572541866}