{"ticker": "HD", "market": "US", "current": 329.06, "target": 408.21213, "upside": 0.24054011426487576, "rec_mean": 1.88889, "n_analysts": 33, "momentum_3m": -0.15823403970641803, "above_ma200": false, "score": 0.24564551904414597}