{"ticker": "AMGN", "market": "US", "current": 338.02, "target": 352.73334, "upside": 0.043528016093722366, "rec_mean": 2.51429, "n_analysts": 30, "momentum_3m": -0.001683473612285713, "above_ma200": true, "score": 0.24429126398231643}