{"ticker": "PYPL", "market": "US", "current": 50.94, "target": 52.96735, "upside": 0.039798782881821815, "rec_mean": 2.81818, "n_analysts": 34, "momentum_3m": 0.22158267853034452, "above_ma200": false, "score": 0.5657241304803037}