{"ticker": "SPGI", "market": "US", "current": 433.19, "target": 535.6191, "upside": 0.23645305754980495, "rec_mean": 1.33333, "n_analysts": 21, "momentum_3m": -0.0747954756472381, "above_ma200": false, "score": 0.27274234292496746}