{"ticker": "C", "market": "US", "current": 127.61, "target": 142.59091, "upside": 0.11739605046626456, "rec_mean": 1.6087, "n_analysts": 22, "momentum_3m": 0.08410501744014409, "above_ma200": true, "score": 0.6957113912361546}