{"ticker": "QCOM", "market": "US", "current": 150.0, "target": 150.10345, "upside": 0.0006896666666666995, "rec_mean": 2.72222, "n_analysts": 29, "momentum_3m": 0.08529874968896234, "above_ma200": true, "score": 0.5340905473991637}