{"ticker": "HUM", "market": "US", "current": 243.12, "target": 211.45833, "upside": -0.1302306268509379, "rec_mean": 2.61538, "n_analysts": 24, "momentum_3m": 0.2595585417872386, "above_ma200": true, "score": 0.5866211618437148}