{"ticker": "ETN", "market": "US", "current": 410.77, "target": 415.09464, "upside": 0.010528130097134714, "rec_mean": 1.73333, "n_analysts": 28, "momentum_3m": 0.13306482331616043, "above_ma200": true, "score": 0.6831842385466241}