{"ticker": "RTX", "market": "US", "current": 172.79, "target": 216.155, "upside": 0.2509693848023613, "rec_mean": 2.0, "n_analysts": 22, "momentum_3m": -0.15090912390106725, "above_ma200": false, "score": 0.24182823080039356}