{"ticker": "EOG", "market": "US", "current": 139.12, "target": 155.93103, "upside": 0.12083834100057489, "rec_mean": 2.21875, "n_analysts": 29, "momentum_3m": 0.25980254217808807, "above_ma200": true, "score": 0.8831240341842341}