{"ticker": "INTC", "market": "US", "current": 84.52, "target": 75.42317, "upside": -0.10762931850449597, "rec_mean": 2.65957, "n_analysts": 41, "momentum_3m": 0.8118101166215657, "above_ma200": true, "score": 0.8670214999999999}