{"ticker": "NVDA", "market": "US", "current": 213.17, "target": 268.6148, "upside": 0.26009663648731074, "rec_mean": 1.28814, "n_analysts": 56, "momentum_3m": 0.14848336548659402, "above_ma200": true, "score": 0.8435091271405581}