{"ticker": "PLD", "market": "US", "current": 138.82, "target": 149.4, "upside": 0.07621380204581474, "rec_mean": 2.04348, "n_analysts": 20, "momentum_3m": 0.0526236137735443, "above_ma200": true, "score": 0.4832283741564835}