{"ticker": "MSFT", "market": "US", "current": 429.25, "target": 572.6657, "upside": 0.334107629586488, "rec_mean": 1.28571, "n_analysts": 54, "momentum_3m": 0.059454850115860935, "above_ma200": true, "score": 0.5513568373788359}