{"ticker": "DHR", "market": "US", "current": 178.98, "target": 250.13635, "upside": 0.3975659291540954, "rec_mean": 1.29167, "n_analysts": 22, "momentum_3m": -0.19890789904940243, "above_ma200": false, "score": 0.4305553333333333}