{"ticker": "MU", "market": "US", "current": 518.46, "target": 551.4048, "upside": 0.06354357134590893, "rec_mean": 1.43182, "n_analysts": 42, "momentum_3m": 0.2360767188510653, "above_ma200": true, "score": 0.9389995952243181}