{"ticker": "BA", "market": "US", "current": 230.72, "target": 268.76, "upside": 0.16487517337031887, "rec_mean": 1.59259, "n_analysts": 25, "momentum_3m": -0.04241582445685965, "above_ma200": true, "score": 0.3735318732556057}