{"ticker": "ELV", "market": "US", "current": 376.63, "target": 388.9524, "upside": 0.03271752117462756, "rec_mean": 1.95455, "n_analysts": 21, "momentum_3m": 0.11215122300559544, "above_ma200": true, "score": 0.6724665607176908}