{"ticker": "BMY", "market": "US", "current": 57.59, "target": 63.04, "upside": 0.09463448515367245, "rec_mean": 2.51724, "n_analysts": 25, "momentum_3m": 0.02857650341411655, "above_ma200": true, "score": 0.41226668301403796}