{"ticker": "ORCL", "market": "US", "current": 165.96, "target": 243.22795, "upside": 0.4655817666907687, "rec_mean": 1.63636, "n_analysts": 39, "momentum_3m": 0.05240465131128946, "above_ma200": true, "score": 0.4599174053750245}