{"ticker": "F", "market": "US", "current": 12.4, "target": 13.775, "upside": 0.1108870967741935, "rec_mean": 2.68182, "n_analysts": 20, "momentum_3m": -0.11270130375293885, "above_ma200": true, "score": 0.2265835883158574}