{"ticker": "V", "market": "US", "current": 309.3, "target": 392.33362, "upside": 0.2684565793727771, "rec_mean": 1.33333, "n_analysts": 36, "momentum_3m": -0.07350829383572155, "above_ma200": false, "score": 0.32311728968638853}