{"ticker": "EMR", "market": "US", "current": 136.56, "target": 164.16888, "upside": 0.2021739894551846, "rec_mean": 1.96552, "n_analysts": 27, "momentum_3m": -0.10216967732628301, "above_ma200": false, "score": 0.23541966490919747}