{"ticker": "MA", "market": "US", "current": 507.62, "target": 652.69446, "upside": 0.28579342815491904, "rec_mean": 1.33333, "n_analysts": 36, "momentum_3m": -0.04213131200997178, "above_ma200": true, "score": 0.29365137868811486}