{"ticker": "F", "market": "US", "current": 12.4, "target": 13.775, "upside": 0.1108870967741935, "rec_mean": 2.68182, "n_analysts": 20, "momentum_3m": -0.10209998249410357, "above_ma200": false, "score": 0.2748410322580645}