{"ticker": "AVGO", "market": "US", "current": 399.83, "target": 475.49295, "upside": 0.18923780106545296, "rec_mean": 1.2766, "n_analysts": 42, "momentum_3m": 0.2075443334870688, "above_ma200": true, "score": 0.9230655707705152}