{"ticker": "MPC", "market": "US", "current": 241.81, "target": 249.29411, "upside": 0.030950374260783287, "rec_mean": 2.11111, "n_analysts": 17, "momentum_3m": 0.28910329031973103, "above_ma200": true, "score": 0.8996028957101305}