{"ticker": "MMM", "market": "US", "current": 146.03, "target": 175.02705, "upside": 0.1985691296308978, "rec_mean": 2.11111, "n_analysts": 17, "momentum_3m": -0.17280351834676422, "above_ma200": false, "score": 0.22753935493848298}