{"ticker": "BX", "market": "US", "current": 119.83, "target": 143.7, "upside": 0.19919886505883322, "rec_mean": 2.04545, "n_analysts": 20, "momentum_3m": -0.1049447455880812, "above_ma200": false, "score": 0.2309273108431389}