{"ticker": "UPS", "market": "US", "current": 106.61, "target": 113.14815, "upside": 0.06132773661007418, "rec_mean": 2.24138, "n_analysts": 27, "momentum_3m": -0.04684843929597293, "above_ma200": true, "score": 0.3409708768869186}