{"ticker": "VZ", "market": "US", "current": 47.24, "target": 51.58182, "upside": 0.09190982218458932, "rec_mean": 2.24, "n_analysts": 22, "momentum_3m": -0.053580356092921666, "above_ma200": false, "score": 0.20331830369743156}