{"ticker": "BLK", "market": "US", "current": 1039.38, "target": 1254.125, "upside": 0.2066087475225613, "rec_mean": 1.58824, "n_analysts": 16, "momentum_3m": -0.02868939932775083, "above_ma200": false, "score": 0.2550227912537602}