{"ticker": "BK", "market": "US", "current": 132.27, "target": 141.9643, "upside": 0.07329175171996671, "rec_mean": 2.125, "n_analysts": 14, "momentum_3m": 0.10853171815921869, "above_ma200": true, "score": 0.6689186770297898}