{"ticker": "FDX", "market": "US", "current": 388.59, "target": 401.8889, "upside": 0.03422347461334563, "rec_mean": 1.89286, "n_analysts": 27, "momentum_3m": 0.09948222955249686, "above_ma200": true, "score": 0.7100253715405512}