{"ticker": "JNJ", "market": "US", "current": 227.79, "target": 252.41667, "upside": 0.10811128671144488, "rec_mean": 2.12, "n_analysts": 24, "momentum_3m": -0.06886050575657898, "above_ma200": false, "score": 0.21201854778524082}