{"ticker": "AEP", "market": "US", "current": 134.44, "target": 141.38095, "upside": 0.05162860755727472, "rec_mean": 2.0, "n_analysts": 21, "momentum_3m": 0.11411290694793985, "above_ma200": true, "score": 0.6219238946616696}