{"ticker": "META", "market": "US", "current": 671.34, "target": 855.1127, "upside": 0.27374013167694455, "rec_mean": 1.35385, "n_analysts": 60, "momentum_3m": -0.04964531592461985, "above_ma200": false, "score": 0.4176567105589815}