{"ticker": "CVX", "market": "US", "current": 188.36, "target": 212.30435, "upside": 0.12712014228073887, "rec_mean": 1.84, "n_analysts": 23, "momentum_3m": 0.08234213602005402, "above_ma200": true, "score": 0.6289691983824213}