{"ticker": "MS", "market": "US", "current": 187.08, "target": 200.19048, "upside": 0.07007953816549062, "rec_mean": 2.32, "n_analysts": 21, "momentum_3m": 0.0227980869578277, "above_ma200": true, "score": 0.4394777043531682}