{"ticker": "VZ", "market": "US", "current": 47.24, "target": 51.58182, "upside": 0.09190982218458932, "rec_mean": 2.24, "n_analysts": 22, "momentum_3m": 0.05895541430467843, "above_ma200": true, "score": 0.48691535776454714}