{"ticker": "TXN", "market": "US", "current": 265.0, "target": 272.75, "upside": 0.029245283018867863, "rec_mean": 2.2973, "n_analysts": 32, "momentum_3m": 0.18631231805290915, "above_ma200": true, "score": 0.8626338499422963}