{"ticker": "MO", "market": "US", "current": 68.2, "target": 65.58333, "upside": -0.03836759530791789, "rec_mean": 2.5, "n_analysts": 12, "momentum_3m": 0.06296747281077053, "above_ma200": true, "score": 0.399991305258546}