{"ticker": "LMT", "market": "US", "current": 509.81, "target": 641.35, "upside": 0.25801769286596965, "rec_mean": 2.54545, "n_analysts": 20, "momentum_3m": -0.18853660962953778, "above_ma200": false, "score": 0.21573044881099493}