{"ticker": "SCHW", "market": "US", "current": 91.16, "target": 115.2, "upside": 0.26371215445370777, "rec_mean": 1.68182, "n_analysts": 20, "momentum_3m": -0.12117997963974814, "above_ma200": false, "score": 0.25986102574228465}