{"ticker": "COST", "market": "US", "current": 994.0, "target": 1072.1562, "upside": 0.07862796780684089, "rec_mean": 1.97222, "n_analysts": 32, "momentum_3m": -0.010945273631840835, "above_ma200": false, "score": 0.21449366130114014}