{"ticker": "BRK-B", "market": "US", "current": 478.16, "target": 524.0, "upside": 0.09586749205286926, "rec_mean": 1.75, "n_analysts": 3, "momentum_3m": -0.05071115497830292, "above_ma200": true, "score": 0.15262555855385557}