{"ticker": "TSLA", "market": "US", "current": 376.02, "target": 416.4515, "upside": 0.10752486569863318, "rec_mean": 2.34043, "n_analysts": 40, "momentum_3m": -0.09335904097106917, "above_ma200": true, "score": 0.21537882087066948}