{"ticker": "KLAC", "market": "US", "current": 1816.21, "target": 1728.5862, "upside": -0.0482454121494762, "rec_mean": 1.93333, "n_analysts": 29, "momentum_3m": 0.33984235699419263, "above_ma200": true, "score": 0.9033334999999999}