{"ticker": "AAPL", "market": "US", "current": 270.71, "target": 297.7055, "upside": 0.09972110376417564, "rec_mean": 1.89362, "n_analysts": 40, "momentum_3m": 0.0343036558491967, "above_ma200": true, "score": 0.3571385556185573}