{"ticker": "USB", "market": "US", "current": 56.17, "target": 63.15, "upside": 0.12426562221826587, "rec_mean": 2.04545, "n_analysts": 20, "momentum_3m": -0.042937476856863555, "above_ma200": true, "score": 0.3683959382678851}