{"ticker": "PEP", "market": "US", "current": 156.29, "target": 172.0, "upside": 0.10051826732356517, "rec_mean": 2.56522, "n_analysts": 21, "momentum_3m": 0.00702317241832251, "above_ma200": true, "score": 0.34532523298365253}