{"ticker": "AMAT", "market": "US", "current": 382.59, "target": 424.375, "upside": 0.10921613215191206, "rec_mean": 1.52778, "n_analysts": 32, "momentum_3m": 0.200583613822364, "above_ma200": true, "score": 0.9418136886919853}