{"ticker": "KO", "market": "US", "current": 78.35, "target": 83.6687, "upside": 0.06788385449904277, "rec_mean": 1.70833, "n_analysts": 23, "momentum_3m": -0.019021451668155387, "above_ma200": true, "score": 0.2710628855303005}