{"ticker": "AMT", "market": "US", "current": 178.19, "target": 216.0, "upside": 0.21218923620854135, "rec_mean": 1.76, "n_analysts": 22, "momentum_3m": 0.029226577807923926, "above_ma200": false, "score": 0.3058180283172714}