{"ticker": "CAT", "market": "US", "current": 817.87, "target": 772.17535, "upside": -0.05587030946238403, "rec_mean": 2.10714, "n_analysts": 26, "momentum_3m": 0.07486050814574674, "above_ma200": true, "score": 0.47149215046761295}