{"ticker": "SBUX", "market": "US", "current": 105.5, "target": 104.61765, "upside": -0.008363507109004797, "rec_mean": 2.41026, "n_analysts": 34, "momentum_3m": 0.13392088308108807, "above_ma200": true, "score": 0.7060226304853706}