{"ticker": "GS", "market": "US", "current": 905.6, "target": 935.1, "upside": 0.032575088339222624, "rec_mean": 2.53846, "n_analysts": 20, "momentum_3m": -0.035559500096591146, "above_ma200": true, "score": 0.31696603737789925}