{"ticker": "CAT", "market": "US", "current": 817.87, "target": 772.17535, "upside": -0.05587030946238403, "rec_mean": 2.10714, "n_analysts": 26, "momentum_3m": 0.18375769189555102, "above_ma200": true, "score": 0.8018272045099932}