{"ticker": "XOM", "market": "US", "current": 150.56, "target": 166.13635, "upside": 0.10345609723698179, "rec_mean": 2.36, "n_analysts": 22, "momentum_3m": -0.002351688994032819, "above_ma200": false, "score": 0.19924268287283028}