{"ticker": "PNC", "market": "US", "current": 218.71, "target": 253.775, "upside": 0.1603264596954872, "rec_mean": 1.77273, "n_analysts": 20, "momentum_3m": -0.0646223596657397, "above_ma200": true, "score": 0.34092950039571107}