{"ticker": "WFC", "market": "US", "current": 81.51, "target": 96.65217, "upside": 0.18577070298122922, "rec_mean": 1.88, "n_analysts": 23, "momentum_3m": -0.11699702857762506, "above_ma200": false, "score": 0.2369617838302049}