{"ticker": "TMO", "market": "US", "current": 470.22, "target": 620.5417, "upside": 0.3196837650461486, "rec_mean": 1.34615, "n_analysts": 24, "momentum_3m": -0.19174246620756796, "above_ma200": false, "score": 0.4269233333333333}