{"ticker": "ICE", "market": "US", "current": 156.19, "target": 198.8, "upside": 0.27280875856328834, "rec_mean": 1.5, "n_analysts": 15, "momentum_3m": -0.0421904983982343, "above_ma200": false, "score": 0.27046812642721474}