{"ticker": "T", "market": "US", "current": 26.06, "target": 30.36957, "upside": 0.1653710667689947, "rec_mean": 1.92, "n_analysts": 23, "momentum_3m": -0.009125466847161312, "above_ma200": false, "score": 0.3437903555896649}