{"ticker": "DIS", "market": "US", "current": 101.47, "target": 128.25172, "upside": 0.2639373213757761, "rec_mean": 1.54839, "n_analysts": 29, "momentum_3m": -0.008548678338162863, "above_ma200": true, "score": 0.29251642788327675}