{"ticker": "LRCX", "market": "US", "current": 248.75, "target": 307.74194, "upside": 0.23715352763819086, "rec_mean": 1.57143, "n_analysts": 31, "momentum_3m": 0.08105168796950957, "above_ma200": true, "score": 0.7230574638787176}