{"ticker": "AXP", "market": "US", "current": 315.65, "target": 362.4791, "upside": 0.14835767463963268, "rec_mean": 2.37037, "n_analysts": 22, "momentum_3m": -0.0971884864335868, "above_ma200": false, "score": 0.20620777910660548}