{"ticker": "META", "market": "US", "current": 671.34, "target": 855.1127, "upside": 0.27374013167694455, "rec_mean": 1.35385, "n_analysts": 60, "momentum_3m": 0.029999367807345134, "above_ma200": true, "score": 0.460725301399991}