{"ticker": "CME", "market": "US", "current": 287.27, "target": 306.6, "upside": 0.06728861349949544, "rec_mean": 2.6875, "n_analysts": 15, "momentum_3m": -0.01979055572251176, "above_ma200": true, "score": 0.20723614824179193}