{"ticker": "NFLX", "market": "US", "current": 92.27, "target": 114.38432, "upside": 0.2396696651132546, "rec_mean": 1.7, "n_analysts": 44, "momentum_3m": 0.20620710179222224, "above_ma200": false, "score": 0.6549449441855424}