{"ticker": "ROST", "market": "US", "current": 225.08, "target": 234.4375, "upside": 0.04157410698418329, "rec_mean": 1.66667, "n_analysts": 16, "momentum_3m": 0.17768944946364296, "above_ma200": true, "score": 0.8789744167579832}