{"ticker": "CMG", "market": "US", "current": 32.99, "target": 43.65714, "upside": 0.3233446498939072, "rec_mean": 1.73684, "n_analysts": 35, "momentum_3m": -0.1577737242627223, "above_ma200": false, "score": 0.263158}