{"ticker": "BSX", "market": "US", "current": 57.15, "target": 85.1875, "upside": 0.49059492563429585, "rec_mean": 1.39394, "n_analysts": 32, "momentum_3m": -0.3762278998838937, "above_ma200": false, "score": 0.280303}