{"ticker": "D", "market": "US", "current": 62.5, "target": 66.05882, "upside": 0.056941119999999845, "rec_mean": 2.80952, "n_analysts": 17, "momentum_3m": 0.017418194522360597, "above_ma200": true, "score": 0.24502711076246572}