{"ticker": "DUK", "market": "US", "current": 126.51, "target": 139.38889, "upside": 0.10180135957631808, "rec_mean": 2.21739, "n_analysts": 18, "momentum_3m": 0.039779765267724754, "above_ma200": true, "score": 0.32014006172460124}