{"ticker": "TGT", "market": "US", "current": 127.87, "target": 125.53125, "upside": -0.01829006021740831, "rec_mean": 2.54054, "n_analysts": 32, "momentum_3m": 0.14887690243026053, "above_ma200": true, "score": 0.770726804860521}