{"ticker": "DELL", "market": "US", "current": 205.66, "target": 187.0, "upside": -0.09073227657298455, "rec_mean": 1.88889, "n_analysts": 23, "momentum_3m": 0.7555271104002352, "above_ma200": true, "score": 0.9055555}