{"ticker": "ADBE", "market": "US", "current": 243.2, "target": 327.955, "upside": 0.3484991776315789, "rec_mean": 2.41026, "n_analysts": 34, "momentum_3m": -0.05117295946530931, "above_ma200": true, "score": 0.2359175922852753}