{"ticker": "COP", "market": "US", "current": 128.25, "target": 140.11539, "upside": 0.09251766081871349, "rec_mean": 1.85714, "n_analysts": 26, "momentum_3m": 0.22247636567684537, "above_ma200": true, "score": 0.9225626101364521}