{"ticker": "AMZN", "market": "US", "current": 259.7, "target": 283.8203, "upside": 0.09287755102040807, "rec_mean": 1.35821, "n_analysts": 64, "momentum_3m": 0.3045901736829102, "above_ma200": true, "score": 0.8475982525456658}