{"ticker": "MRK", "market": "US", "current": 110.03, "target": 129.74074, "upside": 0.17913968917567935, "rec_mean": 1.82759, "n_analysts": 27, "momentum_3m": -0.08444254703978848, "above_ma200": false, "score": 0.23847711486261325}