{"ticker": "PG", "market": "US", "current": 149.17, "target": 164.13635, "upside": 0.10033083059596448, "rec_mean": 2.04167, "n_analysts": 22, "momentum_3m": -0.02624194926818768, "above_ma200": false, "score": 0.31399894353198815}