{"ticker": "ADI", "market": "US", "current": 389.31, "target": 393.15625, "upside": 0.009879658883666043, "rec_mean": 1.57143, "n_analysts": 32, "momentum_3m": 0.25063441444318935, "above_ma200": true, "score": 0.9230751098139443}