{"ticker": "SO", "market": "US", "current": 93.51, "target": 101.44737, "upside": 0.08488257940327237, "rec_mean": 2.58333, "n_analysts": 19, "momentum_3m": 0.037501442203631496, "above_ma200": true, "score": 0.2735646284585375}