{"ticker": "PFE", "market": "US", "current": 26.48, "target": 28.92852, "upside": 0.09246676737160109, "rec_mean": 2.44828, "n_analysts": 27, "momentum_3m": -0.043179755294227906, "above_ma200": false, "score": 0.19299712789526688}