{"ticker": "COST", "market": "US", "current": 994.0, "target": 1072.1562, "upside": 0.07862796780684089, "rec_mean": 1.97222, "n_analysts": 32, "momentum_3m": 0.026477771733957933, "above_ma200": true, "score": 0.40910470073440275}