{"ticker": "DE", "market": "US", "current": 560.02, "target": 665.09955, "upside": 0.1876353523088461, "rec_mean": 2.125, "n_analysts": 23, "momentum_3m": 0.027559668864678866, "above_ma200": true, "score": 0.4101320794592314}