{"ticker": "COF", "market": "US", "current": 190.84, "target": 255.80952, "upside": 0.34043974009641587, "rec_mean": 1.6087, "n_analysts": 21, "momentum_3m": -0.14551804662354706, "above_ma200": false, "score": 0.269565}