{"ticker": "CRM", "market": "US", "current": 181.32, "target": 268.8725, "upside": 0.4828617913081845, "rec_mean": 1.63043, "n_analysts": 52, "momentum_3m": -0.1398889548688429, "above_ma200": false, "score": 0.40797133333333335}