{"ticker": "VLO", "market": "US", "current": 251.3, "target": 250.44444, "upside": -0.003404536410664627, "rec_mean": 2.26316, "n_analysts": 18, "momentum_3m": 0.3070161619991796, "above_ma200": true, "score": 0.8868419999999999}