{"ticker": "NOW", "market": "US", "current": 88.89, "target": 142.0414, "upside": 0.5979457756778042, "rec_mean": 1.4375, "n_analysts": 43, "momentum_3m": -0.19021588678108836, "above_ma200": false, "score": 0.278125}