{"ticker": "NKE", "market": "US", "current": 45.03, "target": 61.68485, "upside": 0.36986120364201636, "rec_mean": 2.23077, "n_analysts": 33, "momentum_3m": -0.27581218143627706, "above_ma200": false, "score": 0.3679486666666667}