{"ticker": "UNH", "market": "US", "current": 366.77, "target": 386.07693, "upside": 0.05264042860648366, "rec_mean": 1.67857, "n_analysts": 26, "momentum_3m": 0.2949857854041069, "above_ma200": true, "score": 0.9248449047677472}