{"ticker": "NEE", "market": "US", "current": 94.17, "target": 98.47545, "upside": 0.04571997451417631, "rec_mean": 1.91667, "n_analysts": 22, "momentum_3m": 0.06023416451816166, "above_ma200": true, "score": 0.5342452951551718}