{"ticker": "CB", "market": "US", "current": 325.75, "target": 345.26086, "upside": 0.05989519570222557, "rec_mean": 2.4, "n_analysts": 23, "momentum_3m": 0.03947282827381793, "above_ma200": true, "score": 0.399416017773723}