{"ticker": "ZTS", "market": "US", "current": 113.83, "target": 149.64706, "upside": 0.314653957656154, "rec_mean": 1.95, "n_analysts": 17, "momentum_3m": -0.07009232558098966, "above_ma200": false, "score": 0.2525}