{"ticker": "LOW", "market": "US", "current": 233.5, "target": 285.57578, "upside": 0.22302261241970034, "rec_mean": 1.88571, "n_analysts": 33, "momentum_3m": -0.15044571651907535, "above_ma200": false, "score": 0.24288493540328338}