{"ticker": "WMT", "market": "US", "current": 127.59, "target": 136.56097, "upside": 0.07031091778352527, "rec_mean": 1.46341, "n_analysts": 41, "momentum_3m": 0.028453964603937898, "above_ma200": true, "score": 0.5611469576291843}