{"ticker": "GM", "market": "US", "current": 78.95, "target": 93.96, "upside": 0.1901203293223559, "rec_mean": 1.84615, "n_analysts": 25, "momentum_3m": -0.012013598671906878, "above_ma200": true, "score": 0.29008508364139707}