{"ticker": "V", "market": "US", "current": 309.3, "target": 392.33362, "upside": 0.2684565793727771, "rec_mean": 1.33333, "n_analysts": 36, "momentum_3m": -0.05081367103642653, "above_ma200": true, "score": 0.2935582393948425}