{"ticker": "MCD", "market": "US", "current": 290.08, "target": 345.0, "upside": 0.189327082184225, "rec_mean": 2.11111, "n_analysts": 33, "momentum_3m": -0.09202461313086863, "above_ma200": false, "score": 0.22599901369737085}