{"ticker": "INTU", "market": "US", "current": 395.08, "target": 594.1097, "upside": 0.5037706287334212, "rec_mean": 1.47059, "n_analysts": 32, "momentum_3m": -0.08986618004267499, "above_ma200": false, "score": 0.2764705}