{"ticker": "XOM", "market": "US", "current": 150.56, "target": 166.13635, "upside": 0.10345609723698179, "rec_mean": 2.36, "n_analysts": 22, "momentum_3m": 0.08786130201135989, "above_ma200": true, "score": 0.6354038521262629}